-- phpMyAdmin SQL Dump
-- version 5.2.1
-- https://www.phpmyadmin.net/
--
-- Host: ls-dev-mysql:3306
-- Generation Time: Nov 21, 2023 at 02:13 PM
-- Server version: 5.7.39
-- PHP Version: 8.2.8

SET SQL_MODE = "NO_AUTO_VALUE_ON_ZERO";
START TRANSACTION;
SET time_zone = "+00:00";


/*!40101 SET @OLD_CHARACTER_SET_CLIENT=@@CHARACTER_SET_CLIENT */;
/*!40101 SET @OLD_CHARACTER_SET_RESULTS=@@CHARACTER_SET_RESULTS */;
/*!40101 SET @OLD_COLLATION_CONNECTION=@@COLLATION_CONNECTION */;
/*!40101 SET NAMES utf8mb4 */;

--
-- Database: `ls-ce`
--

--
-- Dumping data for table `lime_answers`
--

INSERT INTO `lime_answers` (`aid`, `qid`, `code`, `sortorder`, `assessment_value`, `scale_id`) VALUES
(17, 28, 'AO01', 0, 0, 0),
(18, 28, 'AO02', 1, 0, 0),
(19, 34, 'AO01', 0, 0, 0),
(20, 34, 'AO02', 1, 0, 0),
(21, 34, 'AO03', 2, 0, 0),
(22, 53, 'AO01', 0, 0, 0),
(23, 53, 'AO02', 1, 0, 0),
(24, 53, 'AO03', 2, 0, 0),
(25, 62, 'AO01', 0, 0, 0),
(26, 62, 'AO02', 1, 0, 0),
(27, 62, 'AO03', 2, 0, 0),
(38, 74, 'AO02', 4, 0, 1),
(37, 74, 'AO01', 3, 0, 1),
(36, 74, 'AO03', 2, 0, 0),
(35, 74, 'AO02', 1, 0, 0),
(34, 74, 'AO01', 0, 0, 0),
(39, 74, 'AO03', 5, 0, 1),
(40, 81, 'AO01', 0, 0, 0),
(41, 81, 'AO02', 1, 0, 0),
(42, 81, 'AO03', 2, 0, 0),
(43, 96, 'AO01', 0, 0, 0),
(44, 96, 'AO02', 1, 0, 0),
(45, 97, 'AO01', 0, 0, 0),
(46, 97, 'AO02', 1, 0, 0),
(47, 98, 'AO01', 0, 0, 0),
(48, 98, 'AO02', 1, 0, 0),
(49, 99, 'AO01', 0, 0, 0),
(50, 99, 'AO02', 1, 0, 0);

--
-- Dumping data for table `lime_answer_l10ns`
--

INSERT INTO `lime_answer_l10ns` (`id`, `aid`, `answer`, `language`) VALUES
(17, 17, '<img alt=\"\" src=\"upload/surveys/841748/images/fire.png\" style=\"width: 200px; height: 120px;\" />', 'en'),
(18, 18, '<img alt=\"\" src=\"upload/surveys/841748/images/leaves.png\" style=\"width: 200px; height: 120px;\" />', 'en'),
(19, 19, 'Second', 'en'),
(20, 20, 'Third', 'en'),
(21, 21, 'First', 'en'),
(22, 22, '1', 'en'),
(23, 22, '', 'hr'),
(24, 23, '2', 'en'),
(25, 23, '', 'hr'),
(26, 24, '3', 'en'),
(27, 24, '', 'hr'),
(28, 25, '1', 'en'),
(29, 25, '', 'hr'),
(30, 26, '2', 'en'),
(31, 26, '', 'hr'),
(32, 27, '3', 'en'),
(33, 27, '', 'hr'),
(45, 39, '3', 'en'),
(44, 38, '2', 'en'),
(43, 37, '1', 'en'),
(42, 36, '3', 'en'),
(41, 35, '2', 'en'),
(40, 34, '1', 'en'),
(46, 40, 'Cat', 'en'),
(47, 41, 'Dog', 'en'),
(48, 42, 'Fish', 'en'),
(49, 43, 'cat', 'en'),
(50, 43, 'katze', 'de'),
(51, 44, 'dog', 'en'),
(52, 44, 'hund', 'de'),
(53, 45, 'katze', 'de'),
(54, 45, 'cat', 'en'),
(55, 46, 'hund', 'de'),
(56, 46, 'dog', 'en'),
(57, 47, 'katze', 'de'),
(58, 47, 'cat', 'en'),
(59, 48, 'hund', 'de'),
(60, 48, 'dog', 'en'),
(61, 49, 'katze', 'de'),
(62, 49, 'cat', 'en'),
(63, 50, 'hund', 'de'),
(64, 50, 'dog', 'en');

--
-- Dumping data for table `lime_archived_table_settings`
--

INSERT INTO `lime_archived_table_settings` (`id`, `survey_id`, `user_id`, `tbl_name`, `tbl_type`, `created`, `properties`, `attributes`) VALUES
(1, 177311, 1, 'old_tokens_177311_20230620121931', 'token', '2023-06-20 12:19:31', '{ \"enabled\":\"Y\",\"columns\":{ \"firstname\":\"N\",\"lastname\":\"N\",\"email\":\"N\" } }', '[]'),
(2, 177311, 1, 'old_survey_177311_20230620121931', 'response', '2023-06-20 12:19:31', '[]', NULL);

--
-- Dumping data for table `lime_boxes`
--

INSERT INTO `lime_boxes` (`id`, `position`, `url`, `title`, `buttontext`, `ico`, `desc`, `page`, `usergroup`) VALUES
(1, 1, 'surveyAdministration/newSurvey', 'Create survey', 'Create survey', 'ri-add-line', 'Create a new survey from scratch. Or simply copy or import an existing survey.', 'welcome', -2),
(2, 2, 'surveyAdministration/listsurveys', 'List surveys', NULL, 'ri-list-unordered', 'List available surveys', 'welcome', -1),
(3, 3, 'admin/globalsettings', 'Global settings', 'View global settings', 'ri-settings-5-line', 'Edit global settings', 'welcome', -2),
(4, 4, 'userManagement/index', 'Manage survey administrators', 'Manage administrators', 'ri-user-line', 'The user management allows you to add additional users to your survey site.', 'welcome', -2),
(5, 5, 'admin/labels/sa/view', 'Label sets', 'Edit label sets', 'ri-price-tag-3-line', 'Label sets can be used as answer options or subquestions to speed up creation of similar questions.', 'welcome', -2),
(6, 6, 'themeOptions', 'Themes', 'Edit themes', 'ri-brush-line', 'The themes functionality allows you to edit survey-, admin- or question themes.', 'welcome', -2),
(7, 7, 'admin/surveysgroups/sa/create', 'Create survey group', NULL, '6', 'Quick link to survey group creation form', 'welcome', -2);

--
-- Dumping data for table `lime_groups`
--

INSERT INTO `lime_groups` (`gid`, `sid`, `group_order`, `randomization_group`, `grelevance`) VALUES
(1, 369829, 1, '', '1'),
(3, 841748, 1, '', '1'),
(4, 841748, 2, '', ''),
(5, 947781, 1, '', '1'),
(6, 947781, 2, '', ''),
(7, 947781, 3, '', ''),
(8, 282638, 1, '', '1'),
(9, 127873, 1, '', '1'),
(10, 232684, 1, '', '1'),
(11, 124686, 1, '', '1'),
(12, 841736, 1, '', '1'),
(13, 177311, 1, '', '1'),
(14, 942815, 1, '', '1'),
(15, 942815, 2, '', ''),
(16, 148569, 1, '', '1'),
(17, 148569, 2, '', ''),
(18, 691384, 1, '', '1'),
(19, 691384, 2, '', ''),
(20, 571743, 1, '', '1'),
(21, 571743, 2, '', ''),
(22, 219315, 1, '', '1'),
(23, 219315, 2, '', ''),
(24, 219315, 3, 'rand1', 'G02Q02 == 1'),
(25, 582481, 1, '', '1'),
(26, 582481, 2, '', ''),
(27, 278371, 1, '', '1'),
(28, 278371, 2, '', ''),
(29, 278371, 3, 'rand1', 'G02Q02 == 1'),
(30, 422915, 1, '', '1'),
(31, 422915, 2, '', ''),
(32, 951785, 1, '', '1'),
(33, 348447, 1, '', '1'),
(34, 857644, 1, '', '1'),
(35, 951785, 2, '', ''),
(36, 954472, 1, '', '1'),
(37, 241194, 1, '', '1'),
(38, 158868, 1, '', '1'),
(39, 229791, 1, '', '1'),
(40, 145252, 1, '', '1');

--
-- Dumping data for table `lime_group_l10ns`
--

INSERT INTO `lime_group_l10ns` (`id`, `gid`, `group_name`, `description`, `language`) VALUES
(1, 1, 'My first question group', NULL, 'en'),
(3, 3, 'Favorite Colors', '<p style=\"text-align: center;\">Welcome!</p>\r\n\r\n<p style=\"text-align: center;\"><img alt=\"\" src=\"/upload/surveys/841748/images/fire.png\" /></p>\r\n', 'en'),
(4, 4, 'Colors in pictures', '', 'en'),
(5, 5, 'My first question group', NULL, 'en'),
(6, 6, 'Second group', '', 'en'),
(7, 7, 'Third group', '', 'en'),
(8, 8, 'My first question group', NULL, 'en'),
(9, 9, 'My first question group', NULL, 'en'),
(10, 10, 'My first question group', NULL, 'en'),
(11, 11, 'My first question group', NULL, 'en'),
(12, 12, 'My first question group', NULL, 'en'),
(13, 13, 'My first question group', NULL, 'en'),
(14, 14, 'My first question group', NULL, 'en'),
(15, 15, 'Second group', '', 'en'),
(16, 14, 'My first question group', NULL, 'hr'),
(17, 15, 'Second group', '', 'hr'),
(18, 16, 'My first question group', NULL, 'en'),
(19, 16, 'My first question group', NULL, 'hr'),
(20, 17, 'Second group', '', 'en'),
(21, 17, 'Second group', '', 'hr'),
(22, 18, 'My first question group', NULL, 'en'),
(23, 18, 'My first question group', NULL, 'hr'),
(24, 19, 'Second group', '', 'en'),
(25, 19, 'Second group', '', 'hr'),
(26, 20, 'My first question group', NULL, 'en'),
(27, 20, 'My first question group', NULL, 'hr'),
(28, 21, 'Second group', '', 'en'),
(29, 21, 'Second group', '', 'hr'),
(30, 22, 'My first question group', NULL, 'en'),
(31, 22, 'My first question group', NULL, 'hr'),
(32, 23, 'Second group', '', 'en'),
(33, 23, 'Second group', '', 'hr'),
(34, 24, 'Third group', 'some example description', 'en'),
(35, 24, '', '', 'hr'),
(36, 25, 'My first question group', NULL, 'en'),
(37, 25, 'My first question group', NULL, 'hr'),
(38, 26, 'Second group', '', 'en'),
(39, 26, 'Second group', '', 'hr'),
(40, 27, 'My first question group', NULL, 'en'),
(41, 27, 'My first question group', NULL, 'hr'),
(42, 28, 'Second group', '', 'en'),
(43, 28, 'Second group', '', 'hr'),
(44, 29, 'Third group', 'some example description', 'en'),
(45, 29, '', '', 'hr'),
(46, 30, 'My first question group', NULL, 'en'),
(47, 30, 'My first question group', NULL, 'hr'),
(48, 31, 'Second group', '', 'en'),
(49, 31, 'Second group', '', 'hr'),
(50, 32, 'My first question group', NULL, 'en'),
(51, 33, 'My first question group', NULL, 'en'),
(52, 34, 'My first question group', NULL, 'en'),
(53, 35, 'Second group', '', 'en'),
(54, 36, 'My first question group', NULL, 'en'),
(55, 37, 'My first question group', NULL, 'en'),
(56, 37, 'My first question group', NULL, 'de'),
(57, 38, 'My first question group', NULL, 'de'),
(58, 38, 'My first question group', NULL, 'en'),
(59, 39, 'My first question group', NULL, 'de'),
(60, 39, 'My first question group', NULL, 'en'),
(61, 40, 'My first question group', NULL, 'de'),
(62, 40, 'My first question group', NULL, 'en');

--
-- Dumping data for table `lime_notifications`
--

INSERT INTO `lime_notifications` (`id`, `entity`, `entity_id`, `title`, `message`, `status`, `importance`, `display_class`, `hash`, `created`, `first_read`) VALUES
(1, 'user', 1, 'Password warning', '<span class=\"ri-error-warning-fill\"></span>&nbsp;Warning: You are still using the default password (&#039;password&#039;). Please change your password and re-login again.', 'new', 1, 'default', '9e338c35dcb45760bc8bd6d4a9a134f991580edaf0203f158510d2e817e48331', '2023-04-28 12:22:35', '2023-05-08 14:08:05'),
(2, 'user', 1, 'SSL not enforced', '<span class=\"ri-error-warning-fill\"></span>&nbsp;Warning: Please enforce SSL encryption in Global settings/Security after SSL is properly configured for your webserver.', 'new', 1, 'default', 'e874527c8f54934f3f3f6078ca5b9399c7cca002dc8398e92fcd20628c3e51bb', '2023-04-28 12:22:35', '2023-05-08 14:08:02'),
(3, 'user', 1, 'Database update', 'The database has been updated from version 605 to version 606.', 'read', 1, 'default', NULL, '2023-05-08 14:07:29', '2023-05-08 14:07:58'),
(4, 'user', 1, 'LimeSurvey theme editor', 'Welcome to the theme editor of LimeSurvey. To get an overview of new functionality and possibilities, please visit the <a target=\"_blank\" href=\"https://manual.limesurvey.org/New_Template_System_in_LS3.x\"> LimeSurvey manual </a>. For further questions and information, feel free to post your questions on the <a target=\"_blank\" href=\"https://forums.limesurvey.org\"> LimeSurvey forums </a>.', 'read', 3, 'default', 'ae80e4ce4626129cca58f8e58195410177a4d14c2511e2162b0eed94f8887d01', '2023-06-21 12:11:11', '2023-06-21 12:11:16');

-- --------------------------------------------------------

--
-- Table structure for table `lime_old_survey_177311_20230620121931`
--

CREATE TABLE `lime_old_survey_177311_20230620121931` (
  `id` int(11) NOT NULL,
  `token` varchar(36) CHARACTER SET utf8mb4 COLLATE utf8mb4_bin DEFAULT NULL,
  `submitdate` datetime DEFAULT NULL,
  `lastpage` int(11) DEFAULT NULL,
  `startlanguage` varchar(20) COLLATE utf8mb4_unicode_ci NOT NULL,
  `seed` varchar(31) COLLATE utf8mb4_unicode_ci DEFAULT NULL,
  `177311X13X39` text COLLATE utf8mb4_unicode_ci
) ENGINE=MyISAM DEFAULT CHARSET=utf8mb4 COLLATE=utf8mb4_unicode_ci;

--
-- Dumping data for table `lime_old_survey_177311_20230620121931`
--

INSERT INTO `lime_old_survey_177311_20230620121931` (`id`, `token`, `submitdate`, `lastpage`, `startlanguage`, `seed`, `177311X13X39`) VALUES
(1, '123', '1980-01-01 00:00:00', 1, 'en', '756014575', 'something');

-- --------------------------------------------------------

--
-- Table structure for table `lime_old_tokens_177311_20230620121931`
--

CREATE TABLE `lime_old_tokens_177311_20230620121931` (
  `tid` int(11) NOT NULL,
  `participant_id` varchar(50) COLLATE utf8mb4_unicode_ci DEFAULT NULL,
  `firstname` text COLLATE utf8mb4_unicode_ci,
  `lastname` text COLLATE utf8mb4_unicode_ci,
  `email` text COLLATE utf8mb4_unicode_ci,
  `emailstatus` text COLLATE utf8mb4_unicode_ci,
  `token` varchar(36) CHARACTER SET utf8mb4 COLLATE utf8mb4_bin DEFAULT NULL,
  `language` varchar(25) COLLATE utf8mb4_unicode_ci DEFAULT NULL,
  `blacklisted` varchar(17) COLLATE utf8mb4_unicode_ci DEFAULT NULL,
  `sent` varchar(17) COLLATE utf8mb4_unicode_ci DEFAULT 'N',
  `remindersent` varchar(17) COLLATE utf8mb4_unicode_ci DEFAULT 'N',
  `remindercount` int(11) DEFAULT '0',
  `completed` varchar(17) COLLATE utf8mb4_unicode_ci DEFAULT 'N',
  `usesleft` int(11) DEFAULT '1',
  `validfrom` datetime DEFAULT NULL,
  `validuntil` datetime DEFAULT NULL,
  `mpid` int(11) DEFAULT NULL
) ENGINE=MyISAM DEFAULT CHARSET=utf8mb4 COLLATE=utf8mb4_unicode_ci;

--
-- Dumping data for table `lime_old_tokens_177311_20230620121931`
--

INSERT INTO `lime_old_tokens_177311_20230620121931` (`tid`, `participant_id`, `firstname`, `lastname`, `email`, `emailstatus`, `token`, `language`, `blacklisted`, `sent`, `remindersent`, `remindercount`, `completed`, `usesleft`, `validfrom`, `validuntil`, `mpid`) VALUES
(1, NULL, 'John', 'Doe', 'some.guy@survey.it', 'OK', '123', 'en', NULL, 'N', 'N', 0, '2023-06-20 12:17', 0, NULL, NULL, NULL);

--
-- Dumping data for table `lime_participant_attribute_names`
--

INSERT INTO `lime_participant_attribute_names` (`attribute_id`, `attribute_type`, `defaultname`, `visible`, `encrypted`, `core_attribute`) VALUES
(1, 'TB', 'firstname', 'TRUE', 'Y', 'Y'),
(2, 'TB', 'lastname', 'TRUE', 'Y', 'Y'),
(3, 'TB', 'email', 'TRUE', 'Y', 'Y');

--
-- Dumping data for table `lime_permissions`
--

INSERT INTO `lime_permissions` (`id`, `entity`, `entity_id`, `uid`, `permission`, `create_p`, `read_p`, `update_p`, `delete_p`, `import_p`, `export_p`) VALUES
(1, 'global', 0, 1, 'superadmin', 0, 1, 0, 0, 0, 0),
(2, 'survey', 369829, 1, 'assessments', 1, 1, 1, 1, 0, 0),
(3, 'survey', 369829, 1, 'quotas', 1, 1, 1, 1, 0, 0),
(4, 'survey', 369829, 1, 'responses', 1, 1, 1, 1, 1, 1),
(5, 'survey', 369829, 1, 'statistics', 0, 1, 0, 0, 0, 0),
(6, 'survey', 369829, 1, 'survey', 0, 1, 0, 1, 0, 0),
(7, 'survey', 369829, 1, 'surveyactivation', 0, 0, 1, 0, 0, 0),
(8, 'survey', 369829, 1, 'surveycontent', 1, 1, 1, 1, 1, 1),
(9, 'survey', 369829, 1, 'surveylocale', 0, 1, 1, 0, 0, 0),
(10, 'survey', 369829, 1, 'surveysecurity', 1, 1, 1, 1, 0, 0),
(11, 'survey', 369829, 1, 'surveysettings', 0, 1, 1, 0, 0, 0),
(12, 'survey', 369829, 1, 'tokens', 1, 1, 1, 1, 1, 1),
(13, 'survey', 369829, 1, 'translations', 0, 1, 1, 0, 0, 0),
(33, 'survey', 841748, 1, 'surveylocale', 0, 1, 1, 0, 0, 0),
(32, 'survey', 841748, 1, 'surveycontent', 1, 1, 1, 1, 1, 1),
(31, 'survey', 841748, 1, 'surveyactivation', 0, 0, 1, 0, 0, 0),
(30, 'survey', 841748, 1, 'survey', 0, 1, 0, 1, 0, 0),
(29, 'survey', 841748, 1, 'statistics', 0, 1, 0, 0, 0, 0),
(28, 'survey', 841748, 1, 'responses', 1, 1, 1, 1, 1, 1),
(27, 'survey', 841748, 1, 'quotas', 1, 1, 1, 1, 0, 0),
(26, 'survey', 841748, 1, 'assessments', 1, 1, 1, 1, 0, 0),
(34, 'survey', 841748, 1, 'surveysecurity', 1, 1, 1, 1, 0, 0),
(35, 'survey', 841748, 1, 'surveysettings', 0, 1, 1, 0, 0, 0),
(36, 'survey', 841748, 1, 'tokens', 1, 1, 1, 1, 1, 1),
(37, 'survey', 841748, 1, 'translations', 0, 1, 1, 0, 0, 0),
(38, 'global', 0, 2, 'auth_db', 0, 1, 0, 0, 0, 0),
(39, 'template', 0, 2, 'fruity', 0, 1, 0, 0, 0, 0),
(41, 'survey', 841748, 2, 'assessments', 1, 0, 0, 0, 0, 0),
(42, 'survey', 841748, 2, 'quotas', 1, 1, 1, 1, 0, 0),
(43, 'survey', 841748, 2, 'responses', 0, 1, 1, 1, 0, 0),
(44, 'survey', 841748, 2, 'statistics', 0, 0, 0, 0, 0, 0),
(45, 'survey', 841748, 2, 'survey', 0, 1, 0, 0, 0, 0),
(46, 'survey', 841748, 2, 'surveyactivation', 0, 0, 0, 0, 0, 0),
(47, 'survey', 841748, 2, 'surveycontent', 0, 0, 0, 0, 0, 0),
(48, 'survey', 841748, 2, 'surveylocale', 0, 0, 0, 0, 0, 0),
(49, 'survey', 841748, 2, 'surveysecurity', 0, 0, 0, 0, 0, 0),
(50, 'survey', 841748, 2, 'surveysettings', 0, 0, 0, 0, 0, 0),
(51, 'survey', 841748, 2, 'tokens', 0, 0, 0, 0, 0, 0),
(52, 'survey', 841748, 2, 'translations', 0, 0, 0, 0, 0, 0),
(53, 'survey', 947781, 1, 'assessments', 1, 1, 1, 1, 0, 0),
(54, 'survey', 947781, 1, 'quotas', 1, 1, 1, 1, 0, 0),
(55, 'survey', 947781, 1, 'responses', 1, 1, 1, 1, 1, 1),
(56, 'survey', 947781, 1, 'statistics', 0, 1, 0, 0, 0, 0),
(57, 'survey', 947781, 1, 'survey', 0, 1, 0, 1, 0, 0),
(58, 'survey', 947781, 1, 'surveyactivation', 0, 0, 1, 0, 0, 0),
(59, 'survey', 947781, 1, 'surveycontent', 1, 1, 1, 1, 1, 1),
(60, 'survey', 947781, 1, 'surveylocale', 0, 1, 1, 0, 0, 0),
(61, 'survey', 947781, 1, 'surveysecurity', 1, 1, 1, 1, 0, 0),
(62, 'survey', 947781, 1, 'surveysettings', 0, 1, 1, 0, 0, 0),
(63, 'survey', 947781, 1, 'tokens', 1, 1, 1, 1, 1, 1),
(64, 'survey', 947781, 1, 'translations', 0, 1, 1, 0, 0, 0),
(65, 'survey', 282638, 1, 'assessments', 1, 1, 1, 1, 0, 0),
(66, 'survey', 282638, 1, 'quotas', 1, 1, 1, 1, 0, 0),
(67, 'survey', 282638, 1, 'responses', 1, 1, 1, 1, 1, 1),
(68, 'survey', 282638, 1, 'statistics', 0, 1, 0, 0, 0, 0),
(69, 'survey', 282638, 1, 'survey', 0, 1, 0, 1, 0, 0),
(70, 'survey', 282638, 1, 'surveyactivation', 0, 0, 1, 0, 0, 0),
(71, 'survey', 282638, 1, 'surveycontent', 1, 1, 1, 1, 1, 1),
(72, 'survey', 282638, 1, 'surveylocale', 0, 1, 1, 0, 0, 0),
(73, 'survey', 282638, 1, 'surveysecurity', 1, 1, 1, 1, 0, 0),
(74, 'survey', 282638, 1, 'surveysettings', 0, 1, 1, 0, 0, 0),
(75, 'survey', 282638, 1, 'tokens', 1, 1, 1, 1, 1, 1),
(76, 'survey', 282638, 1, 'translations', 0, 1, 1, 0, 0, 0),
(77, 'survey', 127873, 1, 'assessments', 1, 1, 1, 1, 0, 0),
(78, 'survey', 127873, 1, 'quotas', 1, 1, 1, 1, 0, 0),
(79, 'survey', 127873, 1, 'responses', 1, 1, 1, 1, 1, 1),
(80, 'survey', 127873, 1, 'statistics', 0, 1, 0, 0, 0, 0),
(81, 'survey', 127873, 1, 'survey', 0, 1, 0, 1, 0, 0),
(82, 'survey', 127873, 1, 'surveyactivation', 0, 0, 1, 0, 0, 0),
(83, 'survey', 127873, 1, 'surveycontent', 1, 1, 1, 1, 1, 1),
(84, 'survey', 127873, 1, 'surveylocale', 0, 1, 1, 0, 0, 0),
(85, 'survey', 127873, 1, 'surveysecurity', 1, 1, 1, 1, 0, 0),
(86, 'survey', 127873, 1, 'surveysettings', 0, 1, 1, 0, 0, 0),
(87, 'survey', 127873, 1, 'tokens', 1, 1, 1, 1, 1, 1),
(88, 'survey', 127873, 1, 'translations', 0, 1, 1, 0, 0, 0),
(89, 'survey', 232684, 1, 'assessments', 1, 1, 1, 1, 0, 0),
(90, 'survey', 232684, 1, 'quotas', 1, 1, 1, 1, 0, 0),
(91, 'survey', 232684, 1, 'responses', 1, 1, 1, 1, 1, 1),
(92, 'survey', 232684, 1, 'statistics', 0, 1, 0, 0, 0, 0),
(93, 'survey', 232684, 1, 'survey', 0, 1, 0, 1, 0, 0),
(94, 'survey', 232684, 1, 'surveyactivation', 0, 0, 1, 0, 0, 0),
(95, 'survey', 232684, 1, 'surveycontent', 1, 1, 1, 1, 1, 1),
(96, 'survey', 232684, 1, 'surveylocale', 0, 1, 1, 0, 0, 0),
(97, 'survey', 232684, 1, 'surveysecurity', 1, 1, 1, 1, 0, 0),
(98, 'survey', 232684, 1, 'surveysettings', 0, 1, 1, 0, 0, 0),
(99, 'survey', 232684, 1, 'tokens', 1, 1, 1, 1, 1, 1),
(100, 'survey', 232684, 1, 'translations', 0, 1, 1, 0, 0, 0),
(101, 'survey', 124686, 1, 'assessments', 1, 1, 1, 1, 0, 0),
(102, 'survey', 124686, 1, 'quotas', 1, 1, 1, 1, 0, 0),
(103, 'survey', 124686, 1, 'responses', 1, 1, 1, 1, 1, 1),
(104, 'survey', 124686, 1, 'statistics', 0, 1, 0, 0, 0, 0),
(105, 'survey', 124686, 1, 'survey', 0, 1, 0, 1, 0, 0),
(106, 'survey', 124686, 1, 'surveyactivation', 0, 0, 1, 0, 0, 0),
(107, 'survey', 124686, 1, 'surveycontent', 1, 1, 1, 1, 1, 1),
(108, 'survey', 124686, 1, 'surveylocale', 0, 1, 1, 0, 0, 0),
(109, 'survey', 124686, 1, 'surveysecurity', 1, 1, 1, 1, 0, 0),
(110, 'survey', 124686, 1, 'surveysettings', 0, 1, 1, 0, 0, 0),
(111, 'survey', 124686, 1, 'tokens', 1, 1, 1, 1, 1, 1),
(112, 'survey', 124686, 1, 'translations', 0, 1, 1, 0, 0, 0),
(113, 'survey', 841736, 1, 'assessments', 1, 1, 1, 1, 0, 0),
(114, 'survey', 841736, 1, 'quotas', 1, 1, 1, 1, 0, 0),
(115, 'survey', 841736, 1, 'responses', 1, 1, 1, 1, 1, 1),
(116, 'survey', 841736, 1, 'statistics', 0, 1, 0, 0, 0, 0),
(117, 'survey', 841736, 1, 'survey', 0, 1, 0, 1, 0, 0),
(118, 'survey', 841736, 1, 'surveyactivation', 0, 0, 1, 0, 0, 0),
(119, 'survey', 841736, 1, 'surveycontent', 1, 1, 1, 1, 1, 1),
(120, 'survey', 841736, 1, 'surveylocale', 0, 1, 1, 0, 0, 0),
(121, 'survey', 841736, 1, 'surveysecurity', 1, 1, 1, 1, 0, 0),
(122, 'survey', 841736, 1, 'surveysettings', 0, 1, 1, 0, 0, 0),
(123, 'survey', 841736, 1, 'tokens', 1, 1, 1, 1, 1, 1),
(124, 'survey', 841736, 1, 'translations', 0, 1, 1, 0, 0, 0),
(125, 'survey', 177311, 1, 'assessments', 1, 1, 1, 1, 0, 0),
(126, 'survey', 177311, 1, 'quotas', 1, 1, 1, 1, 0, 0),
(127, 'survey', 177311, 1, 'responses', 1, 1, 1, 1, 1, 1),
(128, 'survey', 177311, 1, 'statistics', 0, 1, 0, 0, 0, 0),
(129, 'survey', 177311, 1, 'survey', 0, 1, 0, 1, 0, 0),
(130, 'survey', 177311, 1, 'surveyactivation', 0, 0, 1, 0, 0, 0),
(131, 'survey', 177311, 1, 'surveycontent', 1, 1, 1, 1, 1, 1),
(132, 'survey', 177311, 1, 'surveylocale', 0, 1, 1, 0, 0, 0),
(133, 'survey', 177311, 1, 'surveysecurity', 1, 1, 1, 1, 0, 0),
(134, 'survey', 177311, 1, 'surveysettings', 0, 1, 1, 0, 0, 0),
(135, 'survey', 177311, 1, 'tokens', 1, 1, 1, 1, 1, 1),
(136, 'survey', 177311, 1, 'translations', 0, 1, 1, 0, 0, 0),
(137, 'survey', 942815, 1, 'assessments', 1, 1, 1, 1, 0, 0),
(138, 'survey', 942815, 1, 'quotas', 1, 1, 1, 1, 0, 0),
(139, 'survey', 942815, 1, 'responses', 1, 1, 1, 1, 1, 1),
(140, 'survey', 942815, 1, 'statistics', 0, 1, 0, 0, 0, 0),
(141, 'survey', 942815, 1, 'survey', 0, 1, 0, 1, 0, 0),
(142, 'survey', 942815, 1, 'surveyactivation', 0, 0, 1, 0, 0, 0),
(143, 'survey', 942815, 1, 'surveycontent', 1, 1, 1, 1, 1, 1),
(144, 'survey', 942815, 1, 'surveylocale', 0, 1, 1, 0, 0, 0),
(145, 'survey', 942815, 1, 'surveysecurity', 1, 1, 1, 1, 0, 0),
(146, 'survey', 942815, 1, 'surveysettings', 0, 1, 1, 0, 0, 0),
(147, 'survey', 942815, 1, 'tokens', 1, 1, 1, 1, 1, 1),
(148, 'survey', 942815, 1, 'translations', 0, 1, 1, 0, 0, 0),
(149, 'survey', 148569, 1, 'assessments', 1, 1, 1, 1, 0, 0),
(150, 'survey', 148569, 1, 'quotas', 1, 1, 1, 1, 0, 0),
(151, 'survey', 148569, 1, 'responses', 1, 1, 1, 1, 1, 1),
(152, 'survey', 148569, 1, 'statistics', 0, 1, 0, 0, 0, 0),
(153, 'survey', 148569, 1, 'survey', 0, 1, 0, 1, 0, 0),
(154, 'survey', 148569, 1, 'surveyactivation', 0, 0, 1, 0, 0, 0),
(155, 'survey', 148569, 1, 'surveycontent', 1, 1, 1, 1, 1, 1),
(156, 'survey', 148569, 1, 'surveylocale', 0, 1, 1, 0, 0, 0),
(157, 'survey', 148569, 1, 'surveysecurity', 1, 1, 1, 1, 0, 0),
(158, 'survey', 148569, 1, 'surveysettings', 0, 1, 1, 0, 0, 0),
(159, 'survey', 148569, 1, 'tokens', 1, 1, 1, 1, 1, 1),
(160, 'survey', 148569, 1, 'translations', 0, 1, 1, 0, 0, 0),
(161, 'survey', 691384, 1, 'assessments', 1, 1, 1, 1, 0, 0),
(162, 'survey', 691384, 1, 'quotas', 1, 1, 1, 1, 0, 0),
(163, 'survey', 691384, 1, 'responses', 1, 1, 1, 1, 1, 1),
(164, 'survey', 691384, 1, 'statistics', 0, 1, 0, 0, 0, 0),
(165, 'survey', 691384, 1, 'survey', 0, 1, 0, 1, 0, 0),
(166, 'survey', 691384, 1, 'surveyactivation', 0, 0, 1, 0, 0, 0),
(167, 'survey', 691384, 1, 'surveycontent', 1, 1, 1, 1, 1, 1),
(168, 'survey', 691384, 1, 'surveylocale', 0, 1, 1, 0, 0, 0),
(169, 'survey', 691384, 1, 'surveysecurity', 1, 1, 1, 1, 0, 0),
(170, 'survey', 691384, 1, 'surveysettings', 0, 1, 1, 0, 0, 0),
(171, 'survey', 691384, 1, 'tokens', 1, 1, 1, 1, 1, 1),
(172, 'survey', 691384, 1, 'translations', 0, 1, 1, 0, 0, 0),
(173, 'survey', 571743, 1, 'assessments', 1, 1, 1, 1, 0, 0),
(174, 'survey', 571743, 1, 'quotas', 1, 1, 1, 1, 0, 0),
(175, 'survey', 571743, 1, 'responses', 1, 1, 1, 1, 1, 1),
(176, 'survey', 571743, 1, 'statistics', 0, 1, 0, 0, 0, 0),
(177, 'survey', 571743, 1, 'survey', 0, 1, 0, 1, 0, 0),
(178, 'survey', 571743, 1, 'surveyactivation', 0, 0, 1, 0, 0, 0),
(179, 'survey', 571743, 1, 'surveycontent', 1, 1, 1, 1, 1, 1),
(180, 'survey', 571743, 1, 'surveylocale', 0, 1, 1, 0, 0, 0),
(181, 'survey', 571743, 1, 'surveysecurity', 1, 1, 1, 1, 0, 0),
(182, 'survey', 571743, 1, 'surveysettings', 0, 1, 1, 0, 0, 0),
(183, 'survey', 571743, 1, 'tokens', 1, 1, 1, 1, 1, 1),
(184, 'survey', 571743, 1, 'translations', 0, 1, 1, 0, 0, 0),
(185, 'global', 0, 3, 'auth_db', 0, 1, 0, 0, 0, 0),
(186, 'template', 0, 3, 'fruity', 0, 1, 0, 0, 0, 0),
(187, 'global', 0, 3, 'participantpanel', 0, 0, 0, 0, 0, 0),
(188, 'global', 0, 3, 'labelsets', 0, 0, 0, 0, 0, 0),
(189, 'global', 0, 3, 'settings', 0, 0, 0, 0, 0, 0),
(190, 'global', 0, 3, 'surveysgroups', 1, 1, 1, 1, 0, 0),
(191, 'global', 0, 3, 'surveys', 1, 1, 1, 1, 0, 1),
(192, 'global', 0, 3, 'templates', 0, 0, 0, 0, 0, 0),
(193, 'global', 0, 3, 'usergroups', 0, 0, 0, 0, 0, 0),
(194, 'global', 0, 3, 'users', 0, 0, 0, 0, 0, 0),
(195, 'global', 0, 3, 'superadmin', 0, 0, 0, 0, 0, 0),
(196, 'global', 0, 4, 'auth_db', 0, 1, 0, 0, 0, 0),
(197, 'template', 0, 4, 'fruity', 0, 1, 0, 0, 0, 0),
(198, 'global', 0, 4, 'participantpanel', 0, 0, 0, 0, 0, 0),
(199, 'global', 0, 4, 'labelsets', 0, 0, 0, 0, 0, 0),
(200, 'global', 0, 4, 'settings', 0, 0, 0, 0, 0, 0),
(201, 'global', 0, 4, 'surveysgroups', 0, 0, 0, 0, 0, 0),
(202, 'global', 0, 4, 'surveys', 0, 0, 0, 0, 0, 0),
(203, 'global', 0, 4, 'templates', 0, 0, 0, 0, 0, 0),
(204, 'global', 0, 4, 'usergroups', 1, 1, 1, 1, 0, 0),
(205, 'global', 0, 4, 'users', 1, 1, 1, 1, 0, 0),
(206, 'global', 0, 4, 'superadmin', 0, 0, 0, 0, 0, 0),
(207, 'survey', 219315, 1, 'assessments', 1, 1, 1, 1, 0, 0),
(208, 'survey', 219315, 1, 'quotas', 1, 1, 1, 1, 0, 0),
(209, 'survey', 219315, 1, 'responses', 1, 1, 1, 1, 1, 1),
(210, 'survey', 219315, 1, 'statistics', 0, 1, 0, 0, 0, 0),
(211, 'survey', 219315, 1, 'survey', 0, 1, 0, 1, 0, 0),
(212, 'survey', 219315, 1, 'surveyactivation', 0, 0, 1, 0, 0, 0),
(213, 'survey', 219315, 1, 'surveycontent', 1, 1, 1, 1, 1, 1),
(214, 'survey', 219315, 1, 'surveylocale', 0, 1, 1, 0, 0, 0),
(215, 'survey', 219315, 1, 'surveysecurity', 1, 1, 1, 1, 0, 0),
(216, 'survey', 219315, 1, 'surveysettings', 0, 1, 1, 0, 0, 0),
(217, 'survey', 219315, 1, 'tokens', 1, 1, 1, 1, 1, 1),
(218, 'survey', 219315, 1, 'translations', 0, 1, 1, 0, 0, 0),
(219, 'survey', 582481, 1, 'assessments', 1, 1, 1, 1, 0, 0),
(220, 'survey', 582481, 1, 'quotas', 1, 1, 1, 1, 0, 0),
(221, 'survey', 582481, 1, 'responses', 1, 1, 1, 1, 1, 1),
(222, 'survey', 582481, 1, 'statistics', 0, 1, 0, 0, 0, 0),
(223, 'survey', 582481, 1, 'survey', 0, 1, 0, 1, 0, 0),
(224, 'survey', 582481, 1, 'surveyactivation', 0, 0, 1, 0, 0, 0),
(225, 'survey', 582481, 1, 'surveycontent', 1, 1, 1, 1, 1, 1),
(226, 'survey', 582481, 1, 'surveylocale', 0, 1, 1, 0, 0, 0),
(227, 'survey', 582481, 1, 'surveysecurity', 1, 1, 1, 1, 0, 0),
(228, 'survey', 582481, 1, 'surveysettings', 0, 1, 1, 0, 0, 0),
(229, 'survey', 582481, 1, 'tokens', 1, 1, 1, 1, 1, 1),
(230, 'survey', 582481, 1, 'translations', 0, 1, 1, 0, 0, 0),
(231, 'survey', 278371, 1, 'assessments', 1, 1, 1, 1, 0, 0),
(232, 'survey', 278371, 1, 'quotas', 1, 1, 1, 1, 0, 0),
(233, 'survey', 278371, 1, 'responses', 1, 1, 1, 1, 1, 1),
(234, 'survey', 278371, 1, 'statistics', 0, 1, 0, 0, 0, 0),
(235, 'survey', 278371, 1, 'survey', 0, 1, 0, 1, 0, 0),
(236, 'survey', 278371, 1, 'surveyactivation', 0, 0, 1, 0, 0, 0),
(237, 'survey', 278371, 1, 'surveycontent', 1, 1, 1, 1, 1, 1),
(238, 'survey', 278371, 1, 'surveylocale', 0, 1, 1, 0, 0, 0),
(239, 'survey', 278371, 1, 'surveysecurity', 1, 1, 1, 1, 0, 0),
(240, 'survey', 278371, 1, 'surveysettings', 0, 1, 1, 0, 0, 0),
(241, 'survey', 278371, 1, 'tokens', 1, 1, 1, 1, 1, 1),
(242, 'survey', 278371, 1, 'translations', 0, 1, 1, 0, 0, 0),
(243, 'survey', 422915, 1, 'assessments', 1, 1, 1, 1, 0, 0),
(244, 'survey', 422915, 1, 'quotas', 1, 1, 1, 1, 0, 0),
(245, 'survey', 422915, 1, 'responses', 1, 1, 1, 1, 1, 1),
(246, 'survey', 422915, 1, 'statistics', 0, 1, 0, 0, 0, 0),
(247, 'survey', 422915, 1, 'survey', 0, 1, 0, 1, 0, 0),
(248, 'survey', 422915, 1, 'surveyactivation', 0, 0, 1, 0, 0, 0),
(249, 'survey', 422915, 1, 'surveycontent', 1, 1, 1, 1, 1, 1),
(250, 'survey', 422915, 1, 'surveylocale', 0, 1, 1, 0, 0, 0),
(251, 'survey', 422915, 1, 'surveysecurity', 1, 1, 1, 1, 0, 0),
(252, 'survey', 422915, 1, 'surveysettings', 0, 1, 1, 0, 0, 0),
(253, 'survey', 422915, 1, 'tokens', 1, 1, 1, 1, 1, 1),
(254, 'survey', 422915, 1, 'translations', 0, 1, 1, 0, 0, 0),
(255, 'survey', 951785, 1, 'assessments', 1, 1, 1, 1, 0, 0),
(256, 'survey', 951785, 1, 'quotas', 1, 1, 1, 1, 0, 0),
(257, 'survey', 951785, 1, 'responses', 1, 1, 1, 1, 1, 1),
(258, 'survey', 951785, 1, 'statistics', 0, 1, 0, 0, 0, 0),
(259, 'survey', 951785, 1, 'survey', 0, 1, 0, 1, 0, 0),
(260, 'survey', 951785, 1, 'surveyactivation', 0, 0, 1, 0, 0, 0),
(261, 'survey', 951785, 1, 'surveycontent', 1, 1, 1, 1, 1, 1),
(262, 'survey', 951785, 1, 'surveylocale', 0, 1, 1, 0, 0, 0),
(263, 'survey', 951785, 1, 'surveysecurity', 1, 1, 1, 1, 0, 0),
(264, 'survey', 951785, 1, 'surveysettings', 0, 1, 1, 0, 0, 0),
(265, 'survey', 951785, 1, 'tokens', 1, 1, 1, 1, 1, 1),
(266, 'survey', 951785, 1, 'translations', 0, 1, 1, 0, 0, 0),
(267, 'survey', 348447, 1, 'assessments', 1, 1, 1, 1, 0, 0),
(268, 'survey', 348447, 1, 'quotas', 1, 1, 1, 1, 0, 0),
(269, 'survey', 348447, 1, 'responses', 1, 1, 1, 1, 1, 1),
(270, 'survey', 348447, 1, 'statistics', 0, 1, 0, 0, 0, 0),
(271, 'survey', 348447, 1, 'survey', 0, 1, 0, 1, 0, 0),
(272, 'survey', 348447, 1, 'surveyactivation', 0, 0, 1, 0, 0, 0),
(273, 'survey', 348447, 1, 'surveycontent', 1, 1, 1, 1, 1, 1),
(274, 'survey', 348447, 1, 'surveylocale', 0, 1, 1, 0, 0, 0),
(275, 'survey', 348447, 1, 'surveysecurity', 1, 1, 1, 1, 0, 0),
(276, 'survey', 348447, 1, 'surveysettings', 0, 1, 1, 0, 0, 0),
(277, 'survey', 348447, 1, 'tokens', 1, 1, 1, 1, 1, 1),
(278, 'survey', 348447, 1, 'translations', 0, 1, 1, 0, 0, 0),
(279, 'survey', 857644, 1, 'assessments', 1, 1, 1, 1, 0, 0),
(280, 'survey', 857644, 1, 'quotas', 1, 1, 1, 1, 0, 0),
(281, 'survey', 857644, 1, 'responses', 1, 1, 1, 1, 1, 1),
(282, 'survey', 857644, 1, 'statistics', 0, 1, 0, 0, 0, 0),
(283, 'survey', 857644, 1, 'survey', 0, 1, 0, 1, 0, 0),
(284, 'survey', 857644, 1, 'surveyactivation', 0, 0, 1, 0, 0, 0),
(285, 'survey', 857644, 1, 'surveycontent', 1, 1, 1, 1, 1, 1),
(286, 'survey', 857644, 1, 'surveylocale', 0, 1, 1, 0, 0, 0),
(287, 'survey', 857644, 1, 'surveysecurity', 1, 1, 1, 1, 0, 0),
(288, 'survey', 857644, 1, 'surveysettings', 0, 1, 1, 0, 0, 0),
(289, 'survey', 857644, 1, 'tokens', 1, 1, 1, 1, 1, 1),
(290, 'survey', 857644, 1, 'translations', 0, 1, 1, 0, 0, 0),
(291, 'survey', 954472, 1, 'assessments', 1, 1, 1, 1, 0, 0),
(292, 'survey', 954472, 1, 'quotas', 1, 1, 1, 1, 0, 0),
(293, 'survey', 954472, 1, 'responses', 1, 1, 1, 1, 1, 1),
(294, 'survey', 954472, 1, 'statistics', 0, 1, 0, 0, 0, 0),
(295, 'survey', 954472, 1, 'survey', 0, 1, 0, 1, 0, 0),
(296, 'survey', 954472, 1, 'surveyactivation', 0, 0, 1, 0, 0, 0),
(297, 'survey', 954472, 1, 'surveycontent', 1, 1, 1, 1, 1, 1),
(298, 'survey', 954472, 1, 'surveylocale', 0, 1, 1, 0, 0, 0),
(299, 'survey', 954472, 1, 'surveysecurity', 1, 1, 1, 1, 0, 0),
(300, 'survey', 954472, 1, 'surveysettings', 0, 1, 1, 0, 0, 0),
(301, 'survey', 954472, 1, 'tokens', 1, 1, 1, 1, 1, 1),
(302, 'survey', 954472, 1, 'translations', 0, 1, 1, 0, 0, 0),
(303, 'survey', 241194, 1, 'assessments', 1, 1, 1, 1, 0, 0),
(304, 'survey', 241194, 1, 'quotas', 1, 1, 1, 1, 0, 0),
(305, 'survey', 241194, 1, 'responses', 1, 1, 1, 1, 1, 1),
(306, 'survey', 241194, 1, 'statistics', 0, 1, 0, 0, 0, 0),
(307, 'survey', 241194, 1, 'survey', 0, 1, 0, 1, 0, 0),
(308, 'survey', 241194, 1, 'surveyactivation', 0, 0, 1, 0, 0, 0),
(309, 'survey', 241194, 1, 'surveycontent', 1, 1, 1, 1, 1, 1),
(310, 'survey', 241194, 1, 'surveylocale', 0, 1, 1, 0, 0, 0),
(311, 'survey', 241194, 1, 'surveysecurity', 1, 1, 1, 1, 0, 0),
(312, 'survey', 241194, 1, 'surveysettings', 0, 1, 1, 0, 0, 0),
(313, 'survey', 241194, 1, 'tokens', 1, 1, 1, 1, 1, 1),
(314, 'survey', 241194, 1, 'translations', 0, 1, 1, 0, 0, 0),
(315, 'survey', 158868, 1, 'assessments', 1, 1, 1, 1, 0, 0),
(316, 'survey', 158868, 1, 'quotas', 1, 1, 1, 1, 0, 0),
(317, 'survey', 158868, 1, 'responses', 1, 1, 1, 1, 1, 1),
(318, 'survey', 158868, 1, 'statistics', 0, 1, 0, 0, 0, 0),
(319, 'survey', 158868, 1, 'survey', 0, 1, 0, 1, 0, 0),
(320, 'survey', 158868, 1, 'surveyactivation', 0, 0, 1, 0, 0, 0),
(321, 'survey', 158868, 1, 'surveycontent', 1, 1, 1, 1, 1, 1),
(322, 'survey', 158868, 1, 'surveylocale', 0, 1, 1, 0, 0, 0),
(323, 'survey', 158868, 1, 'surveysecurity', 1, 1, 1, 1, 0, 0),
(324, 'survey', 158868, 1, 'surveysettings', 0, 1, 1, 0, 0, 0),
(325, 'survey', 158868, 1, 'tokens', 1, 1, 1, 1, 1, 1),
(326, 'survey', 158868, 1, 'translations', 0, 1, 1, 0, 0, 0),
(327, 'survey', 229791, 1, 'assessments', 1, 1, 1, 1, 0, 0),
(328, 'survey', 229791, 1, 'quotas', 1, 1, 1, 1, 0, 0),
(329, 'survey', 229791, 1, 'responses', 1, 1, 1, 1, 1, 1),
(330, 'survey', 229791, 1, 'statistics', 0, 1, 0, 0, 0, 0),
(331, 'survey', 229791, 1, 'survey', 0, 1, 0, 1, 0, 0),
(332, 'survey', 229791, 1, 'surveyactivation', 0, 0, 1, 0, 0, 0),
(333, 'survey', 229791, 1, 'surveycontent', 1, 1, 1, 1, 1, 1),
(334, 'survey', 229791, 1, 'surveylocale', 0, 1, 1, 0, 0, 0),
(335, 'survey', 229791, 1, 'surveysecurity', 1, 1, 1, 1, 0, 0),
(336, 'survey', 229791, 1, 'surveysettings', 0, 1, 1, 0, 0, 0),
(337, 'survey', 229791, 1, 'tokens', 1, 1, 1, 1, 1, 1),
(338, 'survey', 229791, 1, 'translations', 0, 1, 1, 0, 0, 0),
(339, 'survey', 145252, 1, 'assessments', 1, 1, 1, 1, 0, 0),
(340, 'survey', 145252, 1, 'quotas', 1, 1, 1, 1, 0, 0),
(341, 'survey', 145252, 1, 'responses', 1, 1, 1, 1, 1, 1),
(342, 'survey', 145252, 1, 'statistics', 0, 1, 0, 0, 0, 0),
(343, 'survey', 145252, 1, 'survey', 0, 1, 0, 1, 0, 0),
(344, 'survey', 145252, 1, 'surveyactivation', 0, 0, 1, 0, 0, 0),
(345, 'survey', 145252, 1, 'surveycontent', 1, 1, 1, 1, 1, 1),
(346, 'survey', 145252, 1, 'surveylocale', 0, 1, 1, 0, 0, 0),
(347, 'survey', 145252, 1, 'surveysecurity', 1, 1, 1, 1, 0, 0),
(348, 'survey', 145252, 1, 'surveysettings', 0, 1, 1, 0, 0, 0),
(349, 'survey', 145252, 1, 'tokens', 1, 1, 1, 1, 1, 1),
(350, 'survey', 145252, 1, 'translations', 0, 1, 1, 0, 0, 0);

--
-- Dumping data for table `lime_plugins`
--

INSERT INTO `lime_plugins` (`id`, `name`, `plugin_type`, `active`, `priority`, `version`, `load_error`, `load_error_message`) VALUES
(1, 'UpdateCheck', 'core', 1, 0, '1.0.0', 0, NULL),
(2, 'PasswordRequirement', 'core', 1, 0, '1.1.0', 0, NULL),
(3, 'ComfortUpdateChecker', 'core', 1, 0, '1.0.0', 0, NULL),
(4, 'Authdb', 'core', 1, 0, '1.0.0', 0, NULL),
(5, 'AuthLDAP', 'core', 0, 0, '1.0.0', 0, NULL),
(6, 'AuditLog', 'core', 0, 0, '1.0.0', 0, NULL),
(7, 'Authwebserver', 'core', 0, 0, '1.0.0', 0, NULL),
(8, 'ExportR', 'core', 1, 0, '1.0.0', 0, NULL),
(9, 'ExportSTATAxml', 'core', 1, 0, '1.0.0', 0, NULL),
(10, 'ExportSPSSsav', 'core', 1, 0, '1.0.4', 0, NULL),
(11, 'oldUrlCompat', 'core', 0, 0, '1.0.1', 0, NULL),
(12, 'expressionQuestionHelp', 'core', 0, 0, '1.0.1', 0, NULL),
(13, 'expressionQuestionForAll', 'core', 0, 0, '1.0.1', 0, NULL),
(14, 'expressionFixedDbVar', 'core', 0, 0, '1.0.2', 0, NULL),
(15, 'customToken', 'core', 0, 0, '1.0.1', 0, NULL),
(16, 'mailSenderToFrom', 'core', 0, 0, '1.0.0', 0, NULL),
(17, 'TwoFactorAdminLogin', 'core', 0, 0, '1.2.5', 0, NULL);

--
-- Dumping data for table `lime_plugin_settings`
--

INSERT INTO `lime_plugin_settings` (`id`, `plugin_id`, `model`, `model_id`, `key`, `value`) VALUES
(1, 1, NULL, NULL, 'next_extension_update_check', '\"2023-11-17 13:31:50\"');

--
-- Dumping data for table `lime_questions`
--

INSERT INTO `lime_questions` (`qid`, `parent_qid`, `sid`, `gid`, `type`, `title`, `preg`, `other`, `mandatory`, `encrypted`, `question_order`, `scale_id`, `same_default`, `relevance`, `question_theme_name`, `modulename`, `same_script`) VALUES
(1, 0, 369829, 1, 'T', 'Q00', NULL, 'N', 'N', 'N', 1, 0, 0, '1', 'longfreetext', NULL, 0),
(3, 0, 841748, 3, 'M', 'Q00', NULL, 'N', 'Y', 'N', 1, 0, 0, '1', 'multiplechoice', NULL, 0),
(25, 3, 841748, 3, 'M', 'SQ011', NULL, 'N', NULL, 'N', 10, 0, 0, '1', 'longfreetext', NULL, 0),
(24, 3, 841748, 3, 'M', 'SQ010', NULL, 'N', NULL, 'N', 9, 0, 0, '1', 'longfreetext', NULL, 0),
(23, 3, 841748, 3, 'M', 'SQ009', NULL, 'N', NULL, 'N', 8, 0, 0, '1', 'longfreetext', NULL, 0),
(22, 3, 841748, 3, 'M', 'SQ008', NULL, 'N', NULL, 'N', 7, 0, 0, '1', 'longfreetext', NULL, 0),
(21, 3, 841748, 3, 'M', 'SQ007', NULL, 'N', NULL, 'N', 6, 0, 0, '1', 'longfreetext', NULL, 0),
(20, 3, 841748, 3, 'M', 'SQ006', NULL, 'N', NULL, 'N', 5, 0, 0, '1', 'longfreetext', NULL, 0),
(19, 3, 841748, 3, 'M', 'SQ005', NULL, 'N', NULL, 'N', 4, 0, 0, '1', 'longfreetext', NULL, 0),
(18, 3, 841748, 3, 'M', 'SQ004', NULL, 'N', NULL, 'N', 3, 0, 0, '1', 'longfreetext', NULL, 0),
(17, 3, 841748, 3, 'M', 'SQ003', NULL, 'N', NULL, 'N', 2, 0, 0, '1', 'longfreetext', NULL, 0),
(16, 3, 841748, 3, 'M', 'SQ002', NULL, 'N', NULL, 'N', 1, 0, 0, '1', 'longfreetext', NULL, 0),
(15, 3, 841748, 3, 'M', 'SQ001', NULL, 'N', NULL, 'N', 0, 0, 0, '1', 'longfreetext', NULL, 0),
(26, 0, 841748, 3, 'T', 'G01Q02', '', 'N', 'N', 'N', 2, 0, 0, '((Q00_SQ009.NAOK == \"Y\") and (Q00_SQ011.NAOK == \"Y\"))', 'longfreetext', '', 0),
(27, 0, 841748, 3, 'T', 'G01Q03', '', 'N', 'N', 'N', 3, 0, 0, '((Q00_SQ001.NAOK == \"Y\") and (Q00_SQ002.NAOK == \"Y\"))', 'longfreetext', '', 0),
(28, 0, 841748, 4, 'L', 'G02Q04', NULL, 'N', 'N', 'N', 1, 0, 0, '1', 'listradio', '', 0),
(29, 0, 947781, 5, 'T', 'Q00', NULL, 'N', 'N', 'N', 1, 0, 0, '1', 'longfreetext', NULL, 0),
(30, 0, 947781, 5, 'T', 'G01Q02', '', 'N', 'N', 'N', 2, 0, 0, '1', 'longfreetext', '', 0),
(31, 0, 947781, 5, 'T', 'G01Q03', '', 'N', 'N', 'N', 3, 0, 0, '1', 'longfreetext', '', 0),
(32, 0, 947781, 6, 'T', 'G02Q04', '', 'N', 'N', 'N', 1, 0, 0, '1', 'longfreetext', '', 0),
(33, 0, 947781, 6, 'T', 'G02Q05', '', 'N', 'N', 'N', 2, 0, 0, '1', 'longfreetext', '', 0),
(34, 0, 282638, 8, 'R', 'Q00', NULL, 'N', 'N', 'N', 1, 0, 0, '1', 'ranking', NULL, 0),
(35, 0, 127873, 9, 'T', 'Q00', NULL, 'N', 'N', 'N', 1, 0, 0, '1', 'longfreetext', NULL, 0),
(36, 0, 232684, 10, 'T', 'Q00', NULL, 'N', 'N', 'N', 1, 0, 0, '1', 'longfreetext', NULL, 0),
(37, 0, 124686, 11, 'T', 'Q00', NULL, 'N', 'N', 'N', 1, 0, 0, '1', 'longfreetext', NULL, 0),
(38, 0, 841736, 12, 'T', 'Q00', NULL, 'N', 'N', 'N', 1, 0, 0, '1', 'longfreetext', NULL, 0),
(39, 0, 177311, 13, 'T', 'Q00', NULL, 'N', 'N', 'N', 1, 0, 0, '1', 'longfreetext', NULL, 0),
(40, 0, 942815, 14, 'T', 'Q00', NULL, 'N', 'N', 'N', 1, 0, 0, '1', 'longfreetext', NULL, 0),
(41, 0, 942815, 15, 'T', 'G02Q02', '', 'N', 'N', 'N', 1, 0, 0, '1', 'longfreetext', '', 0),
(42, 0, 942815, 14, 'T', 'G01Q03', '', 'N', 'N', 'N', 2, 0, 0, '1', 'longfreetext', '', 0),
(43, 0, 148569, 16, 'T', 'Q00', NULL, 'N', 'N', 'N', 1, 0, 0, '1', 'longfreetext', NULL, 0),
(44, 0, 148569, 17, 'T', 'G02Q02', '', 'N', 'N', 'N', 1, 0, 0, '1', 'longfreetext', '', 0),
(45, 0, 148569, 16, 'T', 'G01Q03', '', 'N', 'N', 'N', 2, 0, 0, '1', 'longfreetext', '', 0),
(46, 0, 691384, 18, 'N', 'Q00', '', 'N', 'N', 'N', 1, 0, 0, '1', 'numerical', NULL, 0),
(47, 0, 691384, 19, 'T', 'G02Q02', '', 'N', 'N', 'N', 1, 0, 0, '1', 'longfreetext', '', 0),
(48, 0, 691384, 18, 'T', 'G01Q03', '', 'N', 'N', 'N', 2, 0, 0, '1', 'longfreetext', '', 0),
(49, 0, 571743, 20, 'N', 'Q00', '', 'N', 'N', 'N', 1, 0, 0, '1', 'numerical', NULL, 0),
(50, 0, 571743, 21, 'T', 'G02Q02', '', 'N', 'N', 'N', 1, 0, 0, '1', 'longfreetext', '', 0),
(51, 0, 571743, 20, 'T', 'G01Q03', '', 'N', 'N', 'N', 2, 0, 0, '1', 'longfreetext', '', 0),
(52, 0, 219315, 22, 'T', 'Q00', NULL, 'N', 'N', 'N', 1, 0, 0, '1', 'longfreetext', NULL, 0),
(53, 0, 219315, 23, 'L', 'G02Q02', '', 'N', 'N', 'N', 1, 0, 0, '1', 'listradio', '', 0),
(54, 0, 219315, 22, 'T', 'G01Q03', '', 'N', 'N', 'N', 2, 0, 0, '1', 'longfreetext', '', 0),
(55, 0, 219315, 24, 'T', 'G03Q04', '', 'N', 'N', 'N', 1, 0, 0, '1', 'longfreetext', '', 0),
(56, 0, 219315, 22, 'T', 'G01Q05', '', 'N', 'N', 'N', 3, 0, 0, '1', 'longfreetext', '', 0),
(57, 0, 219315, 24, 'T', 'G03Q06', '', 'N', 'N', 'N', 2, 0, 0, '1', 'longfreetext', '', 0),
(58, 0, 582481, 25, 'T', 'Q00', NULL, 'N', 'N', 'N', 1, 0, 0, '1', 'longfreetext', NULL, 0),
(59, 0, 582481, 26, 'T', 'G02Q02', '', 'N', 'N', 'N', 1, 0, 0, '1', 'longfreetext', '', 0),
(60, 0, 582481, 25, 'T', 'G01Q03', '', 'N', 'N', 'N', 2, 0, 0, '1', 'longfreetext', '', 0),
(61, 0, 278371, 27, 'T', 'Q00', NULL, 'N', 'N', 'N', 1, 0, 0, '1', 'longfreetext', NULL, 0),
(62, 0, 278371, 28, 'L', 'G02Q02', '', 'N', 'N', 'N', 1, 0, 0, '1', 'listradio', '', 0),
(63, 0, 278371, 27, 'T', 'G01Q03', '', 'N', 'N', 'N', 2, 0, 0, '1', 'longfreetext', '', 0),
(64, 0, 278371, 29, 'T', 'G03Q04', '', 'N', 'N', 'N', 1, 0, 0, '1', 'longfreetext', '', 0),
(65, 0, 278371, 27, 'T', 'G01Q05', '', 'N', 'N', 'N', 3, 0, 0, '1', 'longfreetext', '', 0),
(66, 0, 278371, 29, 'T', 'G03Q06', '', 'N', 'N', 'N', 2, 0, 0, '1', 'longfreetext', '', 0),
(67, 0, 422915, 30, 'T', 'Q00', NULL, 'N', 'N', 'N', 1, 0, 0, '1', 'longfreetext', NULL, 0),
(68, 0, 422915, 31, 'T', 'G02Q02', '', 'N', 'N', 'N', 1, 0, 0, '1', 'longfreetext', '', 0),
(69, 0, 422915, 30, 'T', 'G01Q03', '', 'N', 'N', 'N', 2, 0, 0, '1', 'longfreetext', '', 0),
(70, 0, 951785, 32, 'T', 'Q00', NULL, 'N', 'N', 'N', 1, 0, 0, '1', 'longfreetext', NULL, 0),
(71, 0, 348447, 33, 'T', 'Q00', NULL, 'N', 'N', 'N', 1, 0, 0, '1', 'longfreetext', NULL, 0),
(72, 0, 857644, 34, 'T', 'Q00', NULL, 'N', 'N', 'N', 1, 0, 0, '1', 'longfreetext', NULL, 0),
(73, 0, 857644, 34, 'T', 'G01Q02', '', 'N', 'N', 'N', 2, 0, 0, '1', 'longfreetext', '', 0),
(74, 0, 348447, 33, '1', 'G01Q02', NULL, 'N', 'N', 'N', 2, 0, 0, '1', 'arrays/dualscale', '', 0),
(80, 74, 348447, 33, 'T', 'SQ003', NULL, 'N', NULL, 'N', 2, 0, 0, '1', 'longfreetext', NULL, 0),
(79, 74, 348447, 33, 'T', 'SQ002', NULL, 'N', NULL, 'N', 1, 0, 0, '1', 'longfreetext', NULL, 0),
(78, 74, 348447, 33, 'T', 'SQ001', NULL, 'N', NULL, 'N', 0, 0, 0, '1', 'longfreetext', NULL, 0),
(81, 0, 348447, 33, '!', 'G01Q03', NULL, 'N', 'N', 'N', 3, 0, 0, '1', 'list_dropdown', '', 0),
(82, 0, 348447, 33, 'M', 'G01Q04', NULL, 'N', 'N', 'N', 4, 0, 0, '1', 'multiplechoice', '', 0),
(83, 82, 348447, 33, 'T', 'SQ001', NULL, 'N', NULL, 'N', 0, 0, 0, '1', 'longfreetext', NULL, 0),
(84, 82, 348447, 33, 'T', 'SQ002', NULL, 'N', NULL, 'N', 1, 0, 0, '1', 'longfreetext', NULL, 0),
(85, 82, 348447, 33, 'T', 'SQ003', NULL, 'N', NULL, 'N', 2, 0, 0, '1', 'longfreetext', NULL, 0),
(86, 0, 951785, 35, 'T', 'G02Q02', '', 'N', 'N', 'N', 1, 0, 0, '1', 'longfreetext', '', 0),
(87, 0, 954472, 36, ';', 'Q00', '', 'N', 'N', 'N', 1, 0, 0, '1', 'arrays/texts', NULL, 0),
(88, 87, 954472, 36, 'T', 'Y01', NULL, 'N', NULL, 'N', 0, 0, 0, '1', 'longfreetext', NULL, 0),
(89, 87, 954472, 36, 'T', 'X01', NULL, 'N', NULL, 'N', 1, 1, 0, '', 'longfreetext', NULL, 0),
(90, 87, 954472, 36, 'T', 'Y02', NULL, 'N', NULL, 'N', 2, 0, 0, '1', 'longfreetext', NULL, 0),
(91, 87, 954472, 36, 'T', 'Y03', NULL, 'N', NULL, 'N', 3, 0, 0, '1', 'longfreetext', NULL, 0),
(92, 87, 954472, 36, 'T', 'Y04', NULL, 'N', NULL, 'N', 4, 0, 0, '1', 'longfreetext', NULL, 0),
(93, 87, 954472, 36, 'T', 'X02', NULL, 'N', NULL, 'N', 5, 1, 0, '', 'longfreetext', NULL, 0),
(94, 87, 954472, 36, 'T', 'X03', NULL, 'N', NULL, 'N', 6, 1, 0, '', 'longfreetext', NULL, 0),
(95, 87, 954472, 36, 'T', 'X04', NULL, 'N', NULL, 'N', 7, 1, 0, '', 'longfreetext', NULL, 0),
(96, 0, 241194, 37, 'L', 'Q00', NULL, 'N', 'N', 'N', 1, 0, 0, '1', 'listradio', NULL, 0),
(97, 0, 158868, 38, 'L', 'Q00', NULL, 'N', 'N', 'N', 1, 0, 0, '1', 'listradio', NULL, 0),
(98, 0, 229791, 39, 'L', 'Q00', NULL, 'N', 'N', 'N', 1, 0, 0, '1', 'listradio', NULL, 0),
(99, 0, 145252, 40, 'L', 'Q00', NULL, 'N', 'N', 'N', 1, 0, 0, '1', 'listradio', NULL, 0);

--
-- Dumping data for table `lime_question_attributes`
--

INSERT INTO `lime_question_attributes` (`qaid`, `qid`, `attribute`, `value`, `language`) VALUES
(3, 3, 'min_answers', '2', ''),
(4, 3, 'max_answers', '', ''),
(5, 3, 'array_filter_exclude', '', ''),
(6, 3, 'array_filter_style', '0', ''),
(7, 3, 'assessment_value', '1', ''),
(8, 3, 'other_numbers_only', '0', ''),
(9, 3, 'array_filter', '', ''),
(10, 3, 'exclude_all_others', '', ''),
(11, 3, 'exclude_all_others_auto', '0', ''),
(12, 3, 'random_group', '', ''),
(13, 3, 'em_validation_q', '', ''),
(14, 3, 'em_validation_q_tip', '', 'en'),
(15, 3, 'other_replace_text', '', 'en'),
(16, 3, 'display_columns', '2', ''),
(17, 3, 'hide_tip', '0', ''),
(18, 3, 'random_order', '0', ''),
(19, 3, 'hidden', '0', ''),
(20, 3, 'cssclass', '', ''),
(21, 3, 'other_position', 'end', ''),
(22, 3, 'other_position_code', '', ''),
(23, 3, 'printable_help', '', 'en'),
(24, 3, 'page_break', '0', ''),
(25, 3, 'scale_export', '0', ''),
(26, 3, 'public_statistics', '0', ''),
(27, 3, 'statistics_showgraph', '1', ''),
(28, 3, 'statistics_graphtype', '0', ''),
(29, 3, 'save_as_default', 'N', ''),
(30, 26, 'random_group', '', ''),
(31, 26, 'em_validation_q', '', ''),
(32, 26, 'em_validation_q_tip', '', 'en'),
(33, 26, 'hide_tip', '0', ''),
(34, 26, 'text_input_width', '', ''),
(35, 26, 'input_size', '', ''),
(36, 26, 'display_rows', '', ''),
(37, 26, 'hidden', '0', ''),
(38, 26, 'cssclass', '', ''),
(39, 26, 'maximum_chars', '', ''),
(40, 26, 'page_break', '0', ''),
(41, 26, 'time_limit', '', ''),
(42, 26, 'time_limit_action', '1', ''),
(43, 26, 'time_limit_disable_next', '0', ''),
(44, 26, 'time_limit_disable_prev', '0', ''),
(45, 26, 'time_limit_countdown_message', '', 'en'),
(46, 26, 'time_limit_timer_style', '', ''),
(47, 26, 'time_limit_message_delay', '', ''),
(48, 26, 'time_limit_message', '', 'en'),
(49, 26, 'time_limit_message_style', '', ''),
(50, 26, 'time_limit_warning', '', ''),
(51, 26, 'time_limit_warning_display_time', '', ''),
(52, 26, 'time_limit_warning_message', '', 'en'),
(53, 26, 'time_limit_warning_style', '', ''),
(54, 26, 'time_limit_warning_2', '', ''),
(55, 26, 'time_limit_warning_2_display_time', '', ''),
(56, 26, 'time_limit_warning_2_message', '', 'en'),
(57, 26, 'time_limit_warning_2_style', '', ''),
(58, 26, 'statistics_showgraph', '1', ''),
(59, 26, 'statistics_graphtype', '0', ''),
(60, 26, 'save_as_default', 'N', ''),
(61, 27, 'random_group', '', ''),
(62, 27, 'em_validation_q', '', ''),
(63, 27, 'em_validation_q_tip', '', 'en'),
(64, 27, 'hide_tip', '0', ''),
(65, 27, 'text_input_width', '', ''),
(66, 27, 'input_size', '', ''),
(67, 27, 'display_rows', '', ''),
(68, 27, 'hidden', '0', ''),
(69, 27, 'cssclass', '', ''),
(70, 27, 'maximum_chars', '', ''),
(71, 27, 'page_break', '0', ''),
(72, 27, 'time_limit', '', ''),
(73, 27, 'time_limit_action', '1', ''),
(74, 27, 'time_limit_disable_next', '0', ''),
(75, 27, 'time_limit_disable_prev', '0', ''),
(76, 27, 'time_limit_countdown_message', '', 'en'),
(77, 27, 'time_limit_timer_style', '', ''),
(78, 27, 'time_limit_message_delay', '', ''),
(79, 27, 'time_limit_message', '', 'en'),
(80, 27, 'time_limit_message_style', '', ''),
(81, 27, 'time_limit_warning', '', ''),
(82, 27, 'time_limit_warning_display_time', '', ''),
(83, 27, 'time_limit_warning_message', '', 'en'),
(84, 27, 'time_limit_warning_style', '', ''),
(85, 27, 'time_limit_warning_2', '', ''),
(86, 27, 'time_limit_warning_2_display_time', '', ''),
(87, 27, 'time_limit_warning_2_message', '', 'en'),
(88, 27, 'time_limit_warning_2_style', '', ''),
(89, 27, 'statistics_showgraph', '1', ''),
(90, 27, 'statistics_graphtype', '0', ''),
(91, 27, 'save_as_default', 'N', ''),
(92, 28, 'array_filter_exclude', '', ''),
(93, 28, 'array_filter', '', ''),
(94, 28, 'other_comment_mandatory', '0', ''),
(95, 28, 'other_numbers_only', '0', ''),
(96, 28, 'array_filter_style', '0', ''),
(97, 28, 'random_group', '', ''),
(98, 28, 'em_validation_q', '', ''),
(99, 28, 'em_validation_q_tip', '', 'en'),
(100, 28, 'other_replace_text', '', 'en'),
(101, 28, 'answer_order', 'normal', ''),
(102, 28, 'display_columns', '', ''),
(103, 28, 'hide_tip', '0', ''),
(104, 28, 'hidden', '0', ''),
(105, 28, 'cssclass', '', ''),
(106, 28, 'other_position', 'default', ''),
(107, 28, 'other_position_code', '', ''),
(108, 28, 'printable_help', '', 'en'),
(109, 28, 'page_break', '0', ''),
(110, 28, 'scale_export', '0', ''),
(111, 28, 'time_limit', '', ''),
(112, 28, 'time_limit_action', '1', ''),
(113, 28, 'time_limit_disable_next', '0', ''),
(114, 28, 'time_limit_disable_prev', '0', ''),
(115, 28, 'time_limit_countdown_message', '', 'en'),
(116, 28, 'time_limit_timer_style', '', ''),
(117, 28, 'time_limit_message_delay', '', ''),
(118, 28, 'time_limit_message', '', 'en'),
(119, 28, 'time_limit_message_style', '', ''),
(120, 28, 'time_limit_warning', '', ''),
(121, 28, 'time_limit_warning_display_time', '', ''),
(122, 28, 'time_limit_warning_message', '', 'en'),
(123, 28, 'time_limit_warning_style', '', ''),
(124, 28, 'time_limit_warning_2', '', ''),
(125, 28, 'time_limit_warning_2_display_time', '', ''),
(126, 28, 'time_limit_warning_2_message', '', 'en'),
(127, 28, 'time_limit_warning_2_style', '', ''),
(128, 28, 'public_statistics', '0', ''),
(129, 28, 'statistics_showgraph', '1', ''),
(130, 28, 'statistics_graphtype', '0', ''),
(131, 28, 'save_as_default', 'N', ''),
(132, 30, 'random_group', '', ''),
(133, 30, 'em_validation_q', '', ''),
(134, 30, 'em_validation_q_tip', '', 'en'),
(135, 30, 'hide_tip', '0', ''),
(136, 30, 'text_input_width', '', ''),
(137, 30, 'input_size', '', ''),
(138, 30, 'display_rows', '', ''),
(139, 30, 'hidden', '0', ''),
(140, 30, 'cssclass', '', ''),
(141, 30, 'maximum_chars', '', ''),
(142, 30, 'page_break', '0', ''),
(143, 30, 'time_limit', '', ''),
(144, 30, 'time_limit_action', '1', ''),
(145, 30, 'time_limit_disable_next', '0', ''),
(146, 30, 'time_limit_disable_prev', '0', ''),
(147, 30, 'time_limit_countdown_message', '', 'en'),
(148, 30, 'time_limit_timer_style', '', ''),
(149, 30, 'time_limit_message_delay', '', ''),
(150, 30, 'time_limit_message', '', 'en'),
(151, 30, 'time_limit_message_style', '', ''),
(152, 30, 'time_limit_warning', '', ''),
(153, 30, 'time_limit_warning_display_time', '', ''),
(154, 30, 'time_limit_warning_message', '', 'en'),
(155, 30, 'time_limit_warning_style', '', ''),
(156, 30, 'time_limit_warning_2', '', ''),
(157, 30, 'time_limit_warning_2_display_time', '', ''),
(158, 30, 'time_limit_warning_2_message', '', 'en'),
(159, 30, 'time_limit_warning_2_style', '', ''),
(160, 30, 'statistics_showgraph', '1', ''),
(161, 30, 'statistics_graphtype', '0', ''),
(162, 30, 'save_as_default', 'N', ''),
(163, 31, 'random_group', '', ''),
(164, 31, 'em_validation_q', '', ''),
(165, 31, 'em_validation_q_tip', '', 'en'),
(166, 31, 'hide_tip', '0', ''),
(167, 31, 'text_input_width', '', ''),
(168, 31, 'input_size', '', ''),
(169, 31, 'display_rows', '', ''),
(170, 31, 'hidden', '0', ''),
(171, 31, 'cssclass', '', ''),
(172, 31, 'maximum_chars', '', ''),
(173, 31, 'page_break', '0', ''),
(174, 31, 'time_limit', '', ''),
(175, 31, 'time_limit_action', '1', ''),
(176, 31, 'time_limit_disable_next', '0', ''),
(177, 31, 'time_limit_disable_prev', '0', ''),
(178, 31, 'time_limit_countdown_message', '', 'en'),
(179, 31, 'time_limit_timer_style', '', ''),
(180, 31, 'time_limit_message_delay', '', ''),
(181, 31, 'time_limit_message', '', 'en'),
(182, 31, 'time_limit_message_style', '', ''),
(183, 31, 'time_limit_warning', '', ''),
(184, 31, 'time_limit_warning_display_time', '', ''),
(185, 31, 'time_limit_warning_message', '', 'en'),
(186, 31, 'time_limit_warning_style', '', ''),
(187, 31, 'time_limit_warning_2', '', ''),
(188, 31, 'time_limit_warning_2_display_time', '', ''),
(189, 31, 'time_limit_warning_2_message', '', 'en'),
(190, 31, 'time_limit_warning_2_style', '', ''),
(191, 31, 'statistics_showgraph', '1', ''),
(192, 31, 'statistics_graphtype', '0', ''),
(193, 31, 'save_as_default', 'N', ''),
(194, 32, 'random_group', '', ''),
(195, 32, 'em_validation_q', '', ''),
(196, 32, 'em_validation_q_tip', '', 'en'),
(197, 32, 'hide_tip', '0', ''),
(198, 32, 'text_input_width', '', ''),
(199, 32, 'input_size', '', ''),
(200, 32, 'display_rows', '', ''),
(201, 32, 'hidden', '0', ''),
(202, 32, 'cssclass', '', ''),
(203, 32, 'maximum_chars', '', ''),
(204, 32, 'page_break', '0', ''),
(205, 32, 'time_limit', '', ''),
(206, 32, 'time_limit_action', '1', ''),
(207, 32, 'time_limit_disable_next', '0', ''),
(208, 32, 'time_limit_disable_prev', '0', ''),
(209, 32, 'time_limit_countdown_message', '', 'en'),
(210, 32, 'time_limit_timer_style', '', ''),
(211, 32, 'time_limit_message_delay', '', ''),
(212, 32, 'time_limit_message', '', 'en'),
(213, 32, 'time_limit_message_style', '', ''),
(214, 32, 'time_limit_warning', '', ''),
(215, 32, 'time_limit_warning_display_time', '', ''),
(216, 32, 'time_limit_warning_message', '', 'en'),
(217, 32, 'time_limit_warning_style', '', ''),
(218, 32, 'time_limit_warning_2', '', ''),
(219, 32, 'time_limit_warning_2_display_time', '', ''),
(220, 32, 'time_limit_warning_2_message', '', 'en'),
(221, 32, 'time_limit_warning_2_style', '', ''),
(222, 32, 'statistics_showgraph', '1', ''),
(223, 32, 'statistics_graphtype', '0', ''),
(224, 32, 'save_as_default', 'N', ''),
(225, 33, 'random_group', '', ''),
(226, 33, 'em_validation_q', '', ''),
(227, 33, 'em_validation_q_tip', '', 'en'),
(228, 33, 'hide_tip', '0', ''),
(229, 33, 'text_input_width', '', ''),
(230, 33, 'input_size', '', ''),
(231, 33, 'display_rows', '', ''),
(232, 33, 'hidden', '0', ''),
(233, 33, 'cssclass', '', ''),
(234, 33, 'maximum_chars', '', ''),
(235, 33, 'page_break', '0', ''),
(236, 33, 'time_limit', '', ''),
(237, 33, 'time_limit_action', '1', ''),
(238, 33, 'time_limit_disable_next', '0', ''),
(239, 33, 'time_limit_disable_prev', '0', ''),
(240, 33, 'time_limit_countdown_message', '', 'en'),
(241, 33, 'time_limit_timer_style', '', ''),
(242, 33, 'time_limit_message_delay', '', ''),
(243, 33, 'time_limit_message', '', 'en'),
(244, 33, 'time_limit_message_style', '', ''),
(245, 33, 'time_limit_warning', '', ''),
(246, 33, 'time_limit_warning_display_time', '', ''),
(247, 33, 'time_limit_warning_message', '', 'en'),
(248, 33, 'time_limit_warning_style', '', ''),
(249, 33, 'time_limit_warning_2', '', ''),
(250, 33, 'time_limit_warning_2_display_time', '', ''),
(251, 33, 'time_limit_warning_2_message', '', 'en'),
(252, 33, 'time_limit_warning_2_style', '', ''),
(253, 33, 'statistics_showgraph', '1', ''),
(254, 33, 'statistics_graphtype', '0', ''),
(255, 33, 'save_as_default', 'N', ''),
(256, 34, 'answer_order', 'normal', ''),
(257, 34, 'array_filter', '', ''),
(258, 34, 'array_filter_exclude', '', ''),
(259, 34, 'array_filter_style', '0', ''),
(260, 34, 'choice_title', '', 'en'),
(261, 34, 'cssclass', '', ''),
(262, 34, 'em_validation_q', '', ''),
(263, 34, 'em_validation_q_tip', '', 'en'),
(264, 34, 'hidden', '0', ''),
(265, 34, 'hide_tip', '0', ''),
(266, 34, 'max_answers', '', ''),
(267, 34, 'max_subquestions', '', ''),
(268, 34, 'min_answers', '', ''),
(269, 34, 'page_break', '0', ''),
(270, 34, 'printable_help', '', 'en'),
(271, 34, 'public_statistics', '0', ''),
(272, 34, 'random_group', '', ''),
(273, 34, 'rank_title', '', 'en'),
(274, 34, 'samechoiceheight', '1', ''),
(275, 34, 'samelistheight', '1', ''),
(276, 34, 'save_as_default', 'N', ''),
(277, 34, 'showpopups', '1', ''),
(278, 34, 'statistics_graphtype', '0', ''),
(279, 34, 'statistics_showgraph', '1', ''),
(280, 41, 'random_group', '', ''),
(281, 41, 'em_validation_q', '', ''),
(282, 41, 'em_validation_q_tip', '', 'en'),
(283, 41, 'hide_tip', '0', ''),
(284, 41, 'text_input_width', '', ''),
(285, 41, 'input_size', '', ''),
(286, 41, 'display_rows', '', ''),
(287, 41, 'hidden', '0', ''),
(288, 41, 'cssclass', '', ''),
(289, 41, 'maximum_chars', '', ''),
(290, 41, 'page_break', '0', ''),
(291, 41, 'time_limit', '', ''),
(292, 41, 'time_limit_action', '1', ''),
(293, 41, 'time_limit_disable_next', '0', ''),
(294, 41, 'time_limit_disable_prev', '0', ''),
(295, 41, 'time_limit_countdown_message', '', 'en'),
(296, 41, 'time_limit_timer_style', '', ''),
(297, 41, 'time_limit_message_delay', '', ''),
(298, 41, 'time_limit_message', '', 'en'),
(299, 41, 'time_limit_message_style', '', ''),
(300, 41, 'time_limit_warning', '', ''),
(301, 41, 'time_limit_warning_display_time', '', ''),
(302, 41, 'time_limit_warning_message', '', 'en'),
(303, 41, 'time_limit_warning_style', '', ''),
(304, 41, 'time_limit_warning_2', '', ''),
(305, 41, 'time_limit_warning_2_display_time', '', ''),
(306, 41, 'time_limit_warning_2_message', '', 'en'),
(307, 41, 'time_limit_warning_2_style', '', ''),
(308, 41, 'statistics_showgraph', '1', ''),
(309, 41, 'statistics_graphtype', '0', ''),
(310, 41, 'save_as_default', 'N', ''),
(311, 42, 'random_group', '', ''),
(312, 42, 'em_validation_q', '', ''),
(313, 42, 'em_validation_q_tip', '', 'en'),
(314, 42, 'hide_tip', '0', ''),
(315, 42, 'text_input_width', '', ''),
(316, 42, 'input_size', '', ''),
(317, 42, 'display_rows', '', ''),
(318, 42, 'hidden', '0', ''),
(319, 42, 'cssclass', '', ''),
(320, 42, 'maximum_chars', '', ''),
(321, 42, 'page_break', '0', ''),
(322, 42, 'time_limit', '', ''),
(323, 42, 'time_limit_action', '1', ''),
(324, 42, 'time_limit_disable_next', '0', ''),
(325, 42, 'time_limit_disable_prev', '0', ''),
(326, 42, 'time_limit_countdown_message', '', 'en'),
(327, 42, 'time_limit_timer_style', '', ''),
(328, 42, 'time_limit_message_delay', '', ''),
(329, 42, 'time_limit_message', '', 'en'),
(330, 42, 'time_limit_message_style', '', ''),
(331, 42, 'time_limit_warning', '', ''),
(332, 42, 'time_limit_warning_display_time', '', ''),
(333, 42, 'time_limit_warning_message', '', 'en'),
(334, 42, 'time_limit_warning_style', '', ''),
(335, 42, 'time_limit_warning_2', '', ''),
(336, 42, 'time_limit_warning_2_display_time', '', ''),
(337, 42, 'time_limit_warning_2_message', '', 'en'),
(338, 42, 'time_limit_warning_2_style', '', ''),
(339, 42, 'statistics_showgraph', '1', ''),
(340, 42, 'statistics_graphtype', '0', ''),
(341, 42, 'save_as_default', 'N', ''),
(342, 44, 'cssclass', '', ''),
(343, 44, 'display_rows', '', ''),
(344, 44, 'em_validation_q', '', ''),
(345, 44, 'em_validation_q_tip', '', 'en'),
(346, 44, 'hidden', '0', ''),
(347, 44, 'hide_tip', '0', ''),
(348, 44, 'input_size', '', ''),
(349, 44, 'maximum_chars', '', ''),
(350, 44, 'page_break', '0', ''),
(351, 44, 'random_group', '', ''),
(352, 44, 'save_as_default', 'N', ''),
(353, 44, 'statistics_graphtype', '0', ''),
(354, 44, 'statistics_showgraph', '1', ''),
(355, 44, 'text_input_width', '', ''),
(356, 44, 'time_limit', '', ''),
(357, 44, 'time_limit_action', '1', ''),
(358, 44, 'time_limit_countdown_message', '', 'en'),
(359, 44, 'time_limit_disable_next', '0', ''),
(360, 44, 'time_limit_disable_prev', '0', ''),
(361, 44, 'time_limit_message', '', 'en'),
(362, 44, 'time_limit_message_delay', '', ''),
(363, 44, 'time_limit_message_style', '', ''),
(364, 44, 'time_limit_timer_style', '', ''),
(365, 44, 'time_limit_warning', '', ''),
(366, 44, 'time_limit_warning_2', '', ''),
(367, 44, 'time_limit_warning_2_display_time', '', ''),
(368, 44, 'time_limit_warning_2_message', '', 'en'),
(369, 44, 'time_limit_warning_2_style', '', ''),
(370, 44, 'time_limit_warning_display_time', '', ''),
(371, 44, 'time_limit_warning_message', '', 'en'),
(372, 44, 'time_limit_warning_style', '', ''),
(373, 45, 'cssclass', '', ''),
(374, 45, 'display_rows', '', ''),
(375, 45, 'em_validation_q', '', ''),
(376, 45, 'em_validation_q_tip', '', 'en'),
(377, 45, 'hidden', '0', ''),
(378, 45, 'hide_tip', '0', ''),
(379, 45, 'input_size', '', ''),
(380, 45, 'maximum_chars', '', ''),
(381, 45, 'page_break', '0', ''),
(382, 45, 'random_group', '', ''),
(383, 45, 'save_as_default', 'N', ''),
(384, 45, 'statistics_graphtype', '0', ''),
(385, 45, 'statistics_showgraph', '1', ''),
(386, 45, 'text_input_width', '', ''),
(387, 45, 'time_limit', '', ''),
(388, 45, 'time_limit_action', '1', ''),
(389, 45, 'time_limit_countdown_message', '', 'en'),
(390, 45, 'time_limit_disable_next', '0', ''),
(391, 45, 'time_limit_disable_prev', '0', ''),
(392, 45, 'time_limit_message', '', 'en'),
(393, 45, 'time_limit_message_delay', '', ''),
(394, 45, 'time_limit_message_style', '', ''),
(395, 45, 'time_limit_timer_style', '', ''),
(396, 45, 'time_limit_warning', '', ''),
(397, 45, 'time_limit_warning_2', '', ''),
(398, 45, 'time_limit_warning_2_display_time', '', ''),
(399, 45, 'time_limit_warning_2_message', '', 'en'),
(400, 45, 'time_limit_warning_2_style', '', ''),
(401, 45, 'time_limit_warning_display_time', '', ''),
(402, 45, 'time_limit_warning_message', '', 'en'),
(403, 45, 'time_limit_warning_style', '', ''),
(404, 47, 'cssclass', '', ''),
(405, 47, 'display_rows', '', ''),
(406, 47, 'em_validation_q', '', ''),
(407, 47, 'em_validation_q_tip', '', 'en'),
(408, 47, 'hidden', '0', ''),
(409, 47, 'hide_tip', '0', ''),
(410, 47, 'input_size', '', ''),
(411, 47, 'maximum_chars', '', ''),
(412, 47, 'page_break', '0', ''),
(413, 47, 'random_group', '', ''),
(414, 47, 'save_as_default', 'N', ''),
(415, 47, 'statistics_graphtype', '0', ''),
(416, 47, 'statistics_showgraph', '1', ''),
(417, 47, 'text_input_width', '', ''),
(418, 47, 'time_limit', '', ''),
(419, 47, 'time_limit_action', '1', ''),
(420, 47, 'time_limit_countdown_message', '', 'en'),
(421, 47, 'time_limit_disable_next', '0', ''),
(422, 47, 'time_limit_disable_prev', '0', ''),
(423, 47, 'time_limit_message', '', 'en'),
(424, 47, 'time_limit_message_delay', '', ''),
(425, 47, 'time_limit_message_style', '', ''),
(426, 47, 'time_limit_timer_style', '', ''),
(427, 47, 'time_limit_warning', '', ''),
(428, 47, 'time_limit_warning_2', '', ''),
(429, 47, 'time_limit_warning_2_display_time', '', ''),
(430, 47, 'time_limit_warning_2_message', '', 'en'),
(431, 47, 'time_limit_warning_2_style', '', ''),
(432, 47, 'time_limit_warning_display_time', '', ''),
(433, 47, 'time_limit_warning_message', '', 'en'),
(434, 47, 'time_limit_warning_style', '', ''),
(435, 48, 'cssclass', '', ''),
(436, 48, 'display_rows', '', ''),
(437, 48, 'em_validation_q', '', ''),
(438, 48, 'em_validation_q_tip', '', 'en'),
(439, 48, 'hidden', '0', ''),
(440, 48, 'hide_tip', '0', ''),
(441, 48, 'input_size', '', ''),
(442, 48, 'maximum_chars', '', ''),
(443, 48, 'page_break', '0', ''),
(444, 48, 'random_group', '', ''),
(445, 48, 'save_as_default', 'N', ''),
(446, 48, 'statistics_graphtype', '0', ''),
(447, 48, 'statistics_showgraph', '1', ''),
(448, 48, 'text_input_width', '', ''),
(449, 48, 'time_limit', '', ''),
(450, 48, 'time_limit_action', '1', ''),
(451, 48, 'time_limit_countdown_message', '', 'en'),
(452, 48, 'time_limit_disable_next', '0', ''),
(453, 48, 'time_limit_disable_prev', '0', ''),
(454, 48, 'time_limit_message', '', 'en'),
(455, 48, 'time_limit_message_delay', '', ''),
(456, 48, 'time_limit_message_style', '', ''),
(457, 48, 'time_limit_timer_style', '', ''),
(458, 48, 'time_limit_warning', '', ''),
(459, 48, 'time_limit_warning_2', '', ''),
(460, 48, 'time_limit_warning_2_display_time', '', ''),
(461, 48, 'time_limit_warning_2_message', '', 'en'),
(462, 48, 'time_limit_warning_2_style', '', ''),
(463, 48, 'time_limit_warning_display_time', '', ''),
(464, 48, 'time_limit_warning_message', '', 'en'),
(465, 48, 'time_limit_warning_style', '', ''),
(466, 46, 'random_group', '', ''),
(467, 46, 'em_validation_q', '', ''),
(468, 46, 'em_validation_q_tip', '', 'en'),
(469, 46, 'em_validation_q_tip', '', 'hr'),
(470, 46, 'em_validation_sq', '', ''),
(471, 46, 'em_validation_sq_tip', '', 'en'),
(472, 46, 'em_validation_sq_tip', '', 'hr'),
(473, 46, 'prefix', '', 'en'),
(474, 46, 'prefix', '', 'hr'),
(475, 46, 'suffix', '', 'en'),
(476, 46, 'suffix', '', 'hr'),
(477, 46, 'placeholder', '1,0', 'en'),
(478, 46, 'placeholder', '', 'hr'),
(479, 46, 'text_input_width', '', ''),
(480, 46, 'input_size', '', ''),
(481, 46, 'hide_tip', '0', ''),
(482, 46, 'hidden', '0', ''),
(483, 46, 'cssclass', '', ''),
(484, 46, 'printable_help', '', 'en'),
(485, 46, 'printable_help', '', 'hr'),
(486, 46, 'maximum_chars', '', ''),
(487, 46, 'min_num_value_n', '', ''),
(488, 46, 'num_value_int_only', '0', ''),
(489, 46, 'max_num_value_n', '', ''),
(490, 46, 'page_break', '0', ''),
(491, 46, 'public_statistics', '0', ''),
(492, 46, 'statistics_showgraph', '1', ''),
(493, 46, 'statistics_graphtype', '0', ''),
(494, 46, 'save_as_default', 'N', ''),
(495, 49, 'cssclass', '', ''),
(496, 49, 'em_validation_q', '', ''),
(497, 49, 'em_validation_q_tip', '', 'en'),
(498, 49, 'em_validation_q_tip', '', 'hr'),
(499, 49, 'em_validation_sq', '', ''),
(500, 49, 'em_validation_sq_tip', '', 'en'),
(501, 49, 'em_validation_sq_tip', '', 'hr'),
(502, 49, 'hidden', '0', ''),
(503, 49, 'hide_tip', '0', ''),
(504, 49, 'input_size', '', ''),
(505, 49, 'max_num_value_n', '', ''),
(506, 49, 'maximum_chars', '', ''),
(507, 49, 'min_num_value_n', '', ''),
(508, 49, 'num_value_int_only', '0', ''),
(509, 49, 'page_break', '0', ''),
(510, 49, 'placeholder', '', 'hr'),
(511, 49, 'placeholder', '1,0', 'en'),
(512, 49, 'prefix', '', 'en'),
(513, 49, 'prefix', '', 'hr'),
(514, 49, 'printable_help', '', 'en'),
(515, 49, 'printable_help', '', 'hr'),
(516, 49, 'public_statistics', '0', ''),
(517, 49, 'random_group', '', ''),
(518, 49, 'save_as_default', 'N', ''),
(519, 49, 'statistics_graphtype', '0', ''),
(520, 49, 'statistics_showgraph', '1', ''),
(521, 49, 'suffix', '', 'en'),
(522, 49, 'suffix', '', 'hr'),
(523, 49, 'text_input_width', '', ''),
(524, 50, 'cssclass', '', ''),
(525, 50, 'display_rows', '', ''),
(526, 50, 'em_validation_q', '', ''),
(527, 50, 'em_validation_q_tip', '', 'en'),
(528, 50, 'hidden', '0', ''),
(529, 50, 'hide_tip', '0', ''),
(530, 50, 'input_size', '', ''),
(531, 50, 'maximum_chars', '', ''),
(532, 50, 'page_break', '0', ''),
(533, 50, 'random_group', '', ''),
(534, 50, 'save_as_default', 'N', ''),
(535, 50, 'statistics_graphtype', '0', ''),
(536, 50, 'statistics_showgraph', '1', ''),
(537, 50, 'text_input_width', '', ''),
(538, 50, 'time_limit', '', ''),
(539, 50, 'time_limit_action', '1', ''),
(540, 50, 'time_limit_countdown_message', '', 'en'),
(541, 50, 'time_limit_disable_next', '0', ''),
(542, 50, 'time_limit_disable_prev', '0', ''),
(543, 50, 'time_limit_message', '', 'en'),
(544, 50, 'time_limit_message_delay', '', ''),
(545, 50, 'time_limit_message_style', '', ''),
(546, 50, 'time_limit_timer_style', '', ''),
(547, 50, 'time_limit_warning', '', ''),
(548, 50, 'time_limit_warning_2', '', ''),
(549, 50, 'time_limit_warning_2_display_time', '', ''),
(550, 50, 'time_limit_warning_2_message', '', 'en'),
(551, 50, 'time_limit_warning_2_style', '', ''),
(552, 50, 'time_limit_warning_display_time', '', ''),
(553, 50, 'time_limit_warning_message', '', 'en'),
(554, 50, 'time_limit_warning_style', '', ''),
(555, 51, 'cssclass', '', ''),
(556, 51, 'display_rows', '', ''),
(557, 51, 'em_validation_q', '', ''),
(558, 51, 'em_validation_q_tip', '', 'en'),
(559, 51, 'hidden', '0', ''),
(560, 51, 'hide_tip', '0', ''),
(561, 51, 'input_size', '', ''),
(562, 51, 'maximum_chars', '', ''),
(563, 51, 'page_break', '0', ''),
(564, 51, 'random_group', '', ''),
(565, 51, 'save_as_default', 'N', ''),
(566, 51, 'statistics_graphtype', '0', ''),
(567, 51, 'statistics_showgraph', '1', ''),
(568, 51, 'text_input_width', '', ''),
(569, 51, 'time_limit', '', ''),
(570, 51, 'time_limit_action', '1', ''),
(571, 51, 'time_limit_countdown_message', '', 'en'),
(572, 51, 'time_limit_disable_next', '0', ''),
(573, 51, 'time_limit_disable_prev', '0', ''),
(574, 51, 'time_limit_message', '', 'en'),
(575, 51, 'time_limit_message_delay', '', ''),
(576, 51, 'time_limit_message_style', '', ''),
(577, 51, 'time_limit_timer_style', '', ''),
(578, 51, 'time_limit_warning', '', ''),
(579, 51, 'time_limit_warning_2', '', ''),
(580, 51, 'time_limit_warning_2_display_time', '', ''),
(581, 51, 'time_limit_warning_2_message', '', 'en'),
(582, 51, 'time_limit_warning_2_style', '', ''),
(583, 51, 'time_limit_warning_display_time', '', ''),
(584, 51, 'time_limit_warning_message', '', 'en'),
(585, 51, 'time_limit_warning_style', '', ''),
(586, 53, 'cssclass', '', ''),
(587, 53, 'display_rows', '', ''),
(588, 53, 'em_validation_q', '', ''),
(589, 53, 'em_validation_q_tip', '', 'en'),
(590, 53, 'hidden', '0', ''),
(591, 53, 'hide_tip', '0', ''),
(592, 53, 'input_size', '', ''),
(593, 53, 'maximum_chars', '', ''),
(594, 53, 'page_break', '0', ''),
(595, 53, 'random_group', '', ''),
(596, 53, 'save_as_default', 'N', ''),
(597, 53, 'statistics_graphtype', '0', ''),
(598, 53, 'statistics_showgraph', '1', ''),
(599, 53, 'text_input_width', '', ''),
(600, 53, 'time_limit', '', ''),
(601, 53, 'time_limit_action', '1', ''),
(602, 53, 'time_limit_countdown_message', '', 'en'),
(603, 53, 'time_limit_disable_next', '0', ''),
(604, 53, 'time_limit_disable_prev', '0', ''),
(605, 53, 'time_limit_message', '', 'en'),
(606, 53, 'time_limit_message_delay', '', ''),
(607, 53, 'time_limit_message_style', '', ''),
(608, 53, 'time_limit_timer_style', '', ''),
(609, 53, 'time_limit_warning', '', ''),
(610, 53, 'time_limit_warning_2', '', ''),
(611, 53, 'time_limit_warning_2_display_time', '', ''),
(612, 53, 'time_limit_warning_2_message', '', 'en'),
(613, 53, 'time_limit_warning_2_style', '', ''),
(614, 53, 'time_limit_warning_display_time', '', ''),
(615, 53, 'time_limit_warning_message', '', 'en'),
(616, 53, 'time_limit_warning_style', '', ''),
(617, 54, 'cssclass', '', ''),
(618, 54, 'display_rows', '', ''),
(619, 54, 'em_validation_q', '', ''),
(620, 54, 'em_validation_q_tip', '', 'en'),
(621, 54, 'hidden', '0', ''),
(622, 54, 'hide_tip', '0', ''),
(623, 54, 'input_size', '', ''),
(624, 54, 'maximum_chars', '', ''),
(625, 54, 'page_break', '0', ''),
(626, 54, 'random_group', '', ''),
(627, 54, 'save_as_default', 'N', ''),
(628, 54, 'statistics_graphtype', '0', ''),
(629, 54, 'statistics_showgraph', '1', ''),
(630, 54, 'text_input_width', '', ''),
(631, 54, 'time_limit', '', ''),
(632, 54, 'time_limit_action', '1', ''),
(633, 54, 'time_limit_countdown_message', '', 'en'),
(634, 54, 'time_limit_disable_next', '0', ''),
(635, 54, 'time_limit_disable_prev', '0', ''),
(636, 54, 'time_limit_message', '', 'en'),
(637, 54, 'time_limit_message_delay', '', ''),
(638, 54, 'time_limit_message_style', '', ''),
(639, 54, 'time_limit_timer_style', '', ''),
(640, 54, 'time_limit_warning', '', ''),
(641, 54, 'time_limit_warning_2', '', ''),
(642, 54, 'time_limit_warning_2_display_time', '', ''),
(643, 54, 'time_limit_warning_2_message', '', 'en'),
(644, 54, 'time_limit_warning_2_style', '', ''),
(645, 54, 'time_limit_warning_display_time', '', ''),
(646, 54, 'time_limit_warning_message', '', 'en'),
(647, 54, 'time_limit_warning_style', '', ''),
(648, 53, 'array_filter_exclude', '', ''),
(649, 53, 'array_filter', '', ''),
(650, 53, 'other_comment_mandatory', '0', ''),
(651, 53, 'other_numbers_only', '0', ''),
(652, 53, 'array_filter_style', '0', ''),
(653, 53, 'em_validation_q_tip', '', 'hr'),
(654, 53, 'other_replace_text', '', 'en'),
(655, 53, 'other_replace_text', '', 'hr'),
(656, 53, 'answer_order', 'normal', ''),
(657, 53, 'display_columns', '', ''),
(658, 53, 'other_position', 'default', ''),
(659, 53, 'other_position_code', '', ''),
(660, 53, 'printable_help', '', 'en'),
(661, 53, 'printable_help', '', 'hr'),
(662, 53, 'scale_export', '0', ''),
(663, 53, 'time_limit_countdown_message', '', 'hr'),
(664, 53, 'time_limit_message', '', 'hr'),
(665, 53, 'time_limit_warning_message', '', 'hr'),
(666, 53, 'time_limit_warning_2_message', '', 'hr'),
(667, 53, 'public_statistics', '0', ''),
(668, 55, 'random_group', '', ''),
(669, 55, 'em_validation_q', '', ''),
(670, 55, 'em_validation_q_tip', '', 'en'),
(671, 55, 'em_validation_q_tip', '', 'hr'),
(672, 55, 'hide_tip', '0', ''),
(673, 55, 'text_input_width', '', ''),
(674, 55, 'input_size', '', ''),
(675, 55, 'display_rows', '', ''),
(676, 55, 'hidden', '0', ''),
(677, 55, 'cssclass', '', ''),
(678, 55, 'maximum_chars', '', ''),
(679, 55, 'page_break', '0', ''),
(680, 55, 'time_limit', '', ''),
(681, 55, 'time_limit_action', '1', ''),
(682, 55, 'time_limit_disable_next', '0', ''),
(683, 55, 'time_limit_disable_prev', '0', ''),
(684, 55, 'time_limit_countdown_message', '', 'en'),
(685, 55, 'time_limit_countdown_message', '', 'hr'),
(686, 55, 'time_limit_timer_style', '', ''),
(687, 55, 'time_limit_message_delay', '', ''),
(688, 55, 'time_limit_message', '', 'en'),
(689, 55, 'time_limit_message', '', 'hr'),
(690, 55, 'time_limit_message_style', '', ''),
(691, 55, 'time_limit_warning', '', ''),
(692, 55, 'time_limit_warning_display_time', '', ''),
(693, 55, 'time_limit_warning_message', '', 'en'),
(694, 55, 'time_limit_warning_message', '', 'hr'),
(695, 55, 'time_limit_warning_style', '', ''),
(696, 55, 'time_limit_warning_2', '', ''),
(697, 55, 'time_limit_warning_2_display_time', '', ''),
(698, 55, 'time_limit_warning_2_message', '', 'en'),
(699, 55, 'time_limit_warning_2_message', '', 'hr'),
(700, 55, 'time_limit_warning_2_style', '', ''),
(701, 55, 'statistics_showgraph', '1', ''),
(702, 55, 'statistics_graphtype', '0', ''),
(703, 55, 'save_as_default', 'N', ''),
(704, 56, 'random_group', '', ''),
(705, 56, 'em_validation_q', '', ''),
(706, 56, 'em_validation_q_tip', '', 'en'),
(707, 56, 'em_validation_q_tip', '', 'hr'),
(708, 56, 'hide_tip', '0', ''),
(709, 56, 'text_input_width', '', ''),
(710, 56, 'input_size', '', ''),
(711, 56, 'display_rows', '', ''),
(712, 56, 'hidden', '0', ''),
(713, 56, 'cssclass', '', ''),
(714, 56, 'maximum_chars', '', ''),
(715, 56, 'page_break', '0', ''),
(716, 56, 'time_limit', '', ''),
(717, 56, 'time_limit_action', '1', ''),
(718, 56, 'time_limit_disable_next', '0', ''),
(719, 56, 'time_limit_disable_prev', '0', ''),
(720, 56, 'time_limit_countdown_message', '', 'en'),
(721, 56, 'time_limit_countdown_message', '', 'hr'),
(722, 56, 'time_limit_timer_style', '', ''),
(723, 56, 'time_limit_message_delay', '', ''),
(724, 56, 'time_limit_message', '', 'en'),
(725, 56, 'time_limit_message', '', 'hr'),
(726, 56, 'time_limit_message_style', '', ''),
(727, 56, 'time_limit_warning', '', ''),
(728, 56, 'time_limit_warning_display_time', '', ''),
(729, 56, 'time_limit_warning_message', '', 'en'),
(730, 56, 'time_limit_warning_message', '', 'hr'),
(731, 56, 'time_limit_warning_style', '', ''),
(732, 56, 'time_limit_warning_2', '', ''),
(733, 56, 'time_limit_warning_2_display_time', '', ''),
(734, 56, 'time_limit_warning_2_message', '', 'en'),
(735, 56, 'time_limit_warning_2_message', '', 'hr'),
(736, 56, 'time_limit_warning_2_style', '', ''),
(737, 56, 'statistics_showgraph', '1', ''),
(738, 56, 'statistics_graphtype', '0', ''),
(739, 56, 'save_as_default', 'N', ''),
(740, 57, 'random_group', '', ''),
(741, 57, 'em_validation_q', '', ''),
(742, 57, 'em_validation_q_tip', '', 'en'),
(743, 57, 'em_validation_q_tip', '', 'hr'),
(744, 57, 'hide_tip', '0', ''),
(745, 57, 'text_input_width', '', ''),
(746, 57, 'input_size', '', ''),
(747, 57, 'display_rows', '', ''),
(748, 57, 'hidden', '0', ''),
(749, 57, 'cssclass', '', ''),
(750, 57, 'maximum_chars', '', ''),
(751, 57, 'page_break', '0', ''),
(752, 57, 'time_limit', '', ''),
(753, 57, 'time_limit_action', '1', ''),
(754, 57, 'time_limit_disable_next', '0', ''),
(755, 57, 'time_limit_disable_prev', '0', ''),
(756, 57, 'time_limit_countdown_message', '', 'en'),
(757, 57, 'time_limit_countdown_message', '', 'hr'),
(758, 57, 'time_limit_timer_style', '', ''),
(759, 57, 'time_limit_message_delay', '', ''),
(760, 57, 'time_limit_message', '', 'en'),
(761, 57, 'time_limit_message', '', 'hr'),
(762, 57, 'time_limit_message_style', '', ''),
(763, 57, 'time_limit_warning', '', ''),
(764, 57, 'time_limit_warning_display_time', '', ''),
(765, 57, 'time_limit_warning_message', '', 'en'),
(766, 57, 'time_limit_warning_message', '', 'hr'),
(767, 57, 'time_limit_warning_style', '', ''),
(768, 57, 'time_limit_warning_2', '', ''),
(769, 57, 'time_limit_warning_2_display_time', '', ''),
(770, 57, 'time_limit_warning_2_message', '', 'en'),
(771, 57, 'time_limit_warning_2_message', '', 'hr'),
(772, 57, 'time_limit_warning_2_style', '', ''),
(773, 57, 'statistics_showgraph', '1', ''),
(774, 57, 'statistics_graphtype', '0', ''),
(775, 57, 'save_as_default', 'N', ''),
(776, 59, 'cssclass', '', ''),
(777, 59, 'display_rows', '', ''),
(778, 59, 'em_validation_q', '', ''),
(779, 59, 'em_validation_q_tip', '', 'en'),
(780, 59, 'hidden', '0', ''),
(781, 59, 'hide_tip', '0', ''),
(782, 59, 'input_size', '', ''),
(783, 59, 'maximum_chars', '', ''),
(784, 59, 'page_break', '0', ''),
(785, 59, 'random_group', '', ''),
(786, 59, 'save_as_default', 'N', ''),
(787, 59, 'statistics_graphtype', '0', ''),
(788, 59, 'statistics_showgraph', '1', ''),
(789, 59, 'text_input_width', '', ''),
(790, 59, 'time_limit', '', ''),
(791, 59, 'time_limit_action', '1', ''),
(792, 59, 'time_limit_countdown_message', '', 'en'),
(793, 59, 'time_limit_disable_next', '0', ''),
(794, 59, 'time_limit_disable_prev', '0', ''),
(795, 59, 'time_limit_message', '', 'en'),
(796, 59, 'time_limit_message_delay', '', ''),
(797, 59, 'time_limit_message_style', '', ''),
(798, 59, 'time_limit_timer_style', '', ''),
(799, 59, 'time_limit_warning', '', ''),
(800, 59, 'time_limit_warning_2', '', ''),
(801, 59, 'time_limit_warning_2_display_time', '', ''),
(802, 59, 'time_limit_warning_2_message', '', 'en'),
(803, 59, 'time_limit_warning_2_style', '', ''),
(804, 59, 'time_limit_warning_display_time', '', ''),
(805, 59, 'time_limit_warning_message', '', 'en'),
(806, 59, 'time_limit_warning_style', '', ''),
(807, 60, 'cssclass', '', ''),
(808, 60, 'display_rows', '', ''),
(809, 60, 'em_validation_q', '', ''),
(810, 60, 'em_validation_q_tip', '', 'en'),
(811, 60, 'hidden', '0', ''),
(812, 60, 'hide_tip', '0', ''),
(813, 60, 'input_size', '', ''),
(814, 60, 'maximum_chars', '', ''),
(815, 60, 'page_break', '0', ''),
(816, 60, 'random_group', '', ''),
(817, 60, 'save_as_default', 'N', ''),
(818, 60, 'statistics_graphtype', '0', ''),
(819, 60, 'statistics_showgraph', '1', ''),
(820, 60, 'text_input_width', '', ''),
(821, 60, 'time_limit', '', ''),
(822, 60, 'time_limit_action', '1', ''),
(823, 60, 'time_limit_countdown_message', '', 'en'),
(824, 60, 'time_limit_disable_next', '0', ''),
(825, 60, 'time_limit_disable_prev', '0', ''),
(826, 60, 'time_limit_message', '', 'en'),
(827, 60, 'time_limit_message_delay', '', ''),
(828, 60, 'time_limit_message_style', '', ''),
(829, 60, 'time_limit_timer_style', '', ''),
(830, 60, 'time_limit_warning', '', ''),
(831, 60, 'time_limit_warning_2', '', ''),
(832, 60, 'time_limit_warning_2_display_time', '', ''),
(833, 60, 'time_limit_warning_2_message', '', 'en'),
(834, 60, 'time_limit_warning_2_style', '', ''),
(835, 60, 'time_limit_warning_display_time', '', ''),
(836, 60, 'time_limit_warning_message', '', 'en'),
(837, 60, 'time_limit_warning_style', '', ''),
(838, 62, 'answer_order', 'normal', ''),
(839, 62, 'array_filter', '', ''),
(840, 62, 'array_filter_exclude', '', ''),
(841, 62, 'array_filter_style', '0', ''),
(842, 62, 'cssclass', '', ''),
(843, 62, 'display_columns', '', ''),
(844, 62, 'display_rows', '', ''),
(845, 62, 'em_validation_q', '', ''),
(846, 62, 'em_validation_q_tip', '', 'en'),
(847, 62, 'em_validation_q_tip', '', 'hr'),
(848, 62, 'hidden', '0', ''),
(849, 62, 'hide_tip', '0', ''),
(850, 62, 'input_size', '', ''),
(851, 62, 'maximum_chars', '', ''),
(852, 62, 'other_comment_mandatory', '0', ''),
(853, 62, 'other_numbers_only', '0', ''),
(854, 62, 'other_position', 'default', ''),
(855, 62, 'other_position_code', '', ''),
(856, 62, 'other_replace_text', '', 'en'),
(857, 62, 'other_replace_text', '', 'hr'),
(858, 62, 'page_break', '0', ''),
(859, 62, 'printable_help', '', 'en'),
(860, 62, 'printable_help', '', 'hr'),
(861, 62, 'public_statistics', '0', ''),
(862, 62, 'random_group', '', ''),
(863, 62, 'save_as_default', 'N', ''),
(864, 62, 'scale_export', '0', ''),
(865, 62, 'statistics_graphtype', '0', ''),
(866, 62, 'statistics_showgraph', '1', ''),
(867, 62, 'text_input_width', '', ''),
(868, 62, 'time_limit', '', ''),
(869, 62, 'time_limit_action', '1', ''),
(870, 62, 'time_limit_countdown_message', '', 'en'),
(871, 62, 'time_limit_countdown_message', '', 'hr'),
(872, 62, 'time_limit_disable_next', '0', ''),
(873, 62, 'time_limit_disable_prev', '0', ''),
(874, 62, 'time_limit_message', '', 'en'),
(875, 62, 'time_limit_message', '', 'hr'),
(876, 62, 'time_limit_message_delay', '', ''),
(877, 62, 'time_limit_message_style', '', ''),
(878, 62, 'time_limit_timer_style', '', ''),
(879, 62, 'time_limit_warning', '', ''),
(880, 62, 'time_limit_warning_2', '', ''),
(881, 62, 'time_limit_warning_2_display_time', '', ''),
(882, 62, 'time_limit_warning_2_message', '', 'en'),
(883, 62, 'time_limit_warning_2_message', '', 'hr'),
(884, 62, 'time_limit_warning_2_style', '', ''),
(885, 62, 'time_limit_warning_display_time', '', ''),
(886, 62, 'time_limit_warning_message', '', 'en'),
(887, 62, 'time_limit_warning_message', '', 'hr'),
(888, 62, 'time_limit_warning_style', '', ''),
(889, 63, 'cssclass', '', ''),
(890, 63, 'display_rows', '', ''),
(891, 63, 'em_validation_q', '', ''),
(892, 63, 'em_validation_q_tip', '', 'en'),
(893, 63, 'hidden', '0', ''),
(894, 63, 'hide_tip', '0', ''),
(895, 63, 'input_size', '', ''),
(896, 63, 'maximum_chars', '', ''),
(897, 63, 'page_break', '0', ''),
(898, 63, 'random_group', '', ''),
(899, 63, 'save_as_default', 'N', ''),
(900, 63, 'statistics_graphtype', '0', ''),
(901, 63, 'statistics_showgraph', '1', ''),
(902, 63, 'text_input_width', '', ''),
(903, 63, 'time_limit', '', ''),
(904, 63, 'time_limit_action', '1', ''),
(905, 63, 'time_limit_countdown_message', '', 'en'),
(906, 63, 'time_limit_disable_next', '0', ''),
(907, 63, 'time_limit_disable_prev', '0', ''),
(908, 63, 'time_limit_message', '', 'en'),
(909, 63, 'time_limit_message_delay', '', ''),
(910, 63, 'time_limit_message_style', '', ''),
(911, 63, 'time_limit_timer_style', '', ''),
(912, 63, 'time_limit_warning', '', ''),
(913, 63, 'time_limit_warning_2', '', ''),
(914, 63, 'time_limit_warning_2_display_time', '', ''),
(915, 63, 'time_limit_warning_2_message', '', 'en'),
(916, 63, 'time_limit_warning_2_style', '', ''),
(917, 63, 'time_limit_warning_display_time', '', ''),
(918, 63, 'time_limit_warning_message', '', 'en'),
(919, 63, 'time_limit_warning_style', '', ''),
(920, 64, 'cssclass', '', ''),
(921, 64, 'display_rows', '', ''),
(922, 64, 'em_validation_q', '', ''),
(923, 64, 'em_validation_q_tip', '', 'en'),
(924, 64, 'em_validation_q_tip', '', 'hr'),
(925, 64, 'hidden', '0', ''),
(926, 64, 'hide_tip', '0', ''),
(927, 64, 'input_size', '', ''),
(928, 64, 'maximum_chars', '', ''),
(929, 64, 'page_break', '0', ''),
(930, 64, 'random_group', '', ''),
(931, 64, 'save_as_default', 'N', ''),
(932, 64, 'statistics_graphtype', '0', ''),
(933, 64, 'statistics_showgraph', '1', ''),
(934, 64, 'text_input_width', '', ''),
(935, 64, 'time_limit', '', ''),
(936, 64, 'time_limit_action', '1', ''),
(937, 64, 'time_limit_countdown_message', '', 'en'),
(938, 64, 'time_limit_countdown_message', '', 'hr'),
(939, 64, 'time_limit_disable_next', '0', ''),
(940, 64, 'time_limit_disable_prev', '0', ''),
(941, 64, 'time_limit_message', '', 'en'),
(942, 64, 'time_limit_message', '', 'hr'),
(943, 64, 'time_limit_message_delay', '', ''),
(944, 64, 'time_limit_message_style', '', ''),
(945, 64, 'time_limit_timer_style', '', ''),
(946, 64, 'time_limit_warning', '', ''),
(947, 64, 'time_limit_warning_2', '', ''),
(948, 64, 'time_limit_warning_2_display_time', '', ''),
(949, 64, 'time_limit_warning_2_message', '', 'en'),
(950, 64, 'time_limit_warning_2_message', '', 'hr'),
(951, 64, 'time_limit_warning_2_style', '', ''),
(952, 64, 'time_limit_warning_display_time', '', ''),
(953, 64, 'time_limit_warning_message', '', 'en'),
(954, 64, 'time_limit_warning_message', '', 'hr'),
(955, 64, 'time_limit_warning_style', '', ''),
(956, 65, 'cssclass', '', ''),
(957, 65, 'display_rows', '', ''),
(958, 65, 'em_validation_q', '', ''),
(959, 65, 'em_validation_q_tip', '', 'en'),
(960, 65, 'em_validation_q_tip', '', 'hr'),
(961, 65, 'hidden', '0', ''),
(962, 65, 'hide_tip', '0', ''),
(963, 65, 'input_size', '', ''),
(964, 65, 'maximum_chars', '', ''),
(965, 65, 'page_break', '0', ''),
(966, 65, 'random_group', '', ''),
(967, 65, 'save_as_default', 'N', ''),
(968, 65, 'statistics_graphtype', '0', ''),
(969, 65, 'statistics_showgraph', '1', ''),
(970, 65, 'text_input_width', '', ''),
(971, 65, 'time_limit', '', ''),
(972, 65, 'time_limit_action', '1', ''),
(973, 65, 'time_limit_countdown_message', '', 'en'),
(974, 65, 'time_limit_countdown_message', '', 'hr'),
(975, 65, 'time_limit_disable_next', '0', ''),
(976, 65, 'time_limit_disable_prev', '0', ''),
(977, 65, 'time_limit_message', '', 'en'),
(978, 65, 'time_limit_message', '', 'hr'),
(979, 65, 'time_limit_message_delay', '', ''),
(980, 65, 'time_limit_message_style', '', ''),
(981, 65, 'time_limit_timer_style', '', ''),
(982, 65, 'time_limit_warning', '', ''),
(983, 65, 'time_limit_warning_2', '', ''),
(984, 65, 'time_limit_warning_2_display_time', '', ''),
(985, 65, 'time_limit_warning_2_message', '', 'en'),
(986, 65, 'time_limit_warning_2_message', '', 'hr'),
(987, 65, 'time_limit_warning_2_style', '', ''),
(988, 65, 'time_limit_warning_display_time', '', ''),
(989, 65, 'time_limit_warning_message', '', 'en'),
(990, 65, 'time_limit_warning_message', '', 'hr'),
(991, 65, 'time_limit_warning_style', '', ''),
(992, 66, 'cssclass', '', ''),
(993, 66, 'display_rows', '', ''),
(994, 66, 'em_validation_q', '', ''),
(995, 66, 'em_validation_q_tip', '', 'en'),
(996, 66, 'em_validation_q_tip', '', 'hr'),
(997, 66, 'hidden', '0', ''),
(998, 66, 'hide_tip', '0', ''),
(999, 66, 'input_size', '', ''),
(1000, 66, 'maximum_chars', '', ''),
(1001, 66, 'page_break', '0', ''),
(1002, 66, 'random_group', '', ''),
(1003, 66, 'save_as_default', 'N', ''),
(1004, 66, 'statistics_graphtype', '0', ''),
(1005, 66, 'statistics_showgraph', '1', ''),
(1006, 66, 'text_input_width', '', ''),
(1007, 66, 'time_limit', '', ''),
(1008, 66, 'time_limit_action', '1', ''),
(1009, 66, 'time_limit_countdown_message', '', 'en'),
(1010, 66, 'time_limit_countdown_message', '', 'hr'),
(1011, 66, 'time_limit_disable_next', '0', ''),
(1012, 66, 'time_limit_disable_prev', '0', ''),
(1013, 66, 'time_limit_message', '', 'en'),
(1014, 66, 'time_limit_message', '', 'hr'),
(1015, 66, 'time_limit_message_delay', '', ''),
(1016, 66, 'time_limit_message_style', '', ''),
(1017, 66, 'time_limit_timer_style', '', ''),
(1018, 66, 'time_limit_warning', '', ''),
(1019, 66, 'time_limit_warning_2', '', ''),
(1020, 66, 'time_limit_warning_2_display_time', '', ''),
(1021, 66, 'time_limit_warning_2_message', '', 'en'),
(1022, 66, 'time_limit_warning_2_message', '', 'hr'),
(1023, 66, 'time_limit_warning_2_style', '', ''),
(1024, 66, 'time_limit_warning_display_time', '', ''),
(1025, 66, 'time_limit_warning_message', '', 'en'),
(1026, 66, 'time_limit_warning_message', '', 'hr'),
(1027, 66, 'time_limit_warning_style', '', ''),
(1028, 68, 'cssclass', '', ''),
(1029, 68, 'display_rows', '', ''),
(1030, 68, 'em_validation_q', '', ''),
(1031, 68, 'em_validation_q_tip', '', 'en'),
(1032, 68, 'hidden', '0', ''),
(1033, 68, 'hide_tip', '0', ''),
(1034, 68, 'input_size', '', ''),
(1035, 68, 'maximum_chars', '', ''),
(1036, 68, 'page_break', '0', ''),
(1037, 68, 'random_group', '', ''),
(1038, 68, 'save_as_default', 'N', ''),
(1039, 68, 'statistics_graphtype', '0', ''),
(1040, 68, 'statistics_showgraph', '1', ''),
(1041, 68, 'text_input_width', '', ''),
(1042, 68, 'time_limit', '', ''),
(1043, 68, 'time_limit_action', '1', ''),
(1044, 68, 'time_limit_countdown_message', '', 'en'),
(1045, 68, 'time_limit_disable_next', '0', ''),
(1046, 68, 'time_limit_disable_prev', '0', ''),
(1047, 68, 'time_limit_message', '', 'en'),
(1048, 68, 'time_limit_message_delay', '', ''),
(1049, 68, 'time_limit_message_style', '', ''),
(1050, 68, 'time_limit_timer_style', '', ''),
(1051, 68, 'time_limit_warning', '', ''),
(1052, 68, 'time_limit_warning_2', '', ''),
(1053, 68, 'time_limit_warning_2_display_time', '', ''),
(1054, 68, 'time_limit_warning_2_message', '', 'en'),
(1055, 68, 'time_limit_warning_2_style', '', ''),
(1056, 68, 'time_limit_warning_display_time', '', ''),
(1057, 68, 'time_limit_warning_message', '', 'en'),
(1058, 68, 'time_limit_warning_style', '', ''),
(1059, 69, 'cssclass', '', ''),
(1060, 69, 'display_rows', '', ''),
(1061, 69, 'em_validation_q', '', ''),
(1062, 69, 'em_validation_q_tip', '', 'en'),
(1063, 69, 'hidden', '0', ''),
(1064, 69, 'hide_tip', '0', ''),
(1065, 69, 'input_size', '', ''),
(1066, 69, 'maximum_chars', '', ''),
(1067, 69, 'page_break', '0', ''),
(1068, 69, 'random_group', '', ''),
(1069, 69, 'save_as_default', 'N', ''),
(1070, 69, 'statistics_graphtype', '0', ''),
(1071, 69, 'statistics_showgraph', '1', ''),
(1072, 69, 'text_input_width', '', ''),
(1073, 69, 'time_limit', '', ''),
(1074, 69, 'time_limit_action', '1', ''),
(1075, 69, 'time_limit_countdown_message', '', 'en'),
(1076, 69, 'time_limit_disable_next', '0', ''),
(1077, 69, 'time_limit_disable_prev', '0', ''),
(1078, 69, 'time_limit_message', '', 'en'),
(1079, 69, 'time_limit_message_delay', '', ''),
(1080, 69, 'time_limit_message_style', '', ''),
(1081, 69, 'time_limit_timer_style', '', ''),
(1082, 69, 'time_limit_warning', '', ''),
(1083, 69, 'time_limit_warning_2', '', ''),
(1084, 69, 'time_limit_warning_2_display_time', '', ''),
(1085, 69, 'time_limit_warning_2_message', '', 'en'),
(1086, 69, 'time_limit_warning_2_style', '', ''),
(1087, 69, 'time_limit_warning_display_time', '', ''),
(1088, 69, 'time_limit_warning_message', '', 'en'),
(1089, 69, 'time_limit_warning_style', '', ''),
(1090, 73, 'random_group', '', ''),
(1091, 73, 'em_validation_q', '', ''),
(1092, 73, 'em_validation_q_tip', '', 'en'),
(1093, 73, 'hide_tip', '0', ''),
(1094, 73, 'text_input_width', '', ''),
(1095, 73, 'input_size', '', ''),
(1096, 73, 'display_rows', '', ''),
(1097, 73, 'hidden', '0', ''),
(1098, 73, 'cssclass', '', ''),
(1099, 73, 'maximum_chars', '', ''),
(1100, 73, 'page_break', '0', ''),
(1101, 73, 'time_limit', '', ''),
(1102, 73, 'time_limit_action', '1', ''),
(1103, 73, 'time_limit_disable_next', '0', ''),
(1104, 73, 'time_limit_disable_prev', '0', ''),
(1105, 73, 'time_limit_countdown_message', '', 'en'),
(1106, 73, 'time_limit_timer_style', '', ''),
(1107, 73, 'time_limit_message_delay', '', ''),
(1108, 73, 'time_limit_message', '', 'en'),
(1109, 73, 'time_limit_message_style', '', ''),
(1110, 73, 'time_limit_warning', '', ''),
(1111, 73, 'time_limit_warning_display_time', '', ''),
(1112, 73, 'time_limit_warning_message', '', 'en'),
(1113, 73, 'time_limit_warning_style', '', ''),
(1114, 73, 'time_limit_warning_2', '', ''),
(1115, 73, 'time_limit_warning_2_display_time', '', ''),
(1116, 73, 'time_limit_warning_2_message', '', 'en'),
(1117, 73, 'time_limit_warning_2_style', '', ''),
(1118, 73, 'statistics_showgraph', '1', ''),
(1119, 73, 'statistics_graphtype', '0', ''),
(1120, 73, 'save_as_default', 'N', ''),
(1121, 74, 'min_answers', '', ''),
(1122, 74, 'max_answers', '', ''),
(1123, 74, 'array_filter_exclude', '', ''),
(1124, 74, 'array_filter', '', ''),
(1125, 74, 'array_filter_style', '0', ''),
(1126, 74, 'random_group', '', ''),
(1127, 74, 'repeat_headings', '', ''),
(1128, 74, 'random_order', '0', ''),
(1129, 74, 'hide_tip', '0', ''),
(1130, 74, 'answer_width', '', ''),
(1131, 74, 'hidden', '0', ''),
(1132, 74, 'cssclass', '', ''),
(1133, 74, 'dualscale_headerA', 'Satisfactory', 'en'),
(1134, 74, 'dualscale_headerB', 'Unsatisfactory', 'en'),
(1135, 74, 'use_dropdown', '0', ''),
(1136, 74, 'dropdown_prepostfix', '', 'en'),
(1137, 74, 'dropdown_separators', '', ''),
(1138, 74, 'printable_help', '', 'en'),
(1139, 74, 'page_break', '0', ''),
(1140, 74, 'scale_export', '0', ''),
(1141, 74, 'public_statistics', '0', ''),
(1142, 74, 'statistics_showgraph', '1', ''),
(1143, 74, 'statistics_graphtype', '0', ''),
(1144, 74, 'save_as_default', 'N', ''),
(1145, 81, 'other_comment_mandatory', '0', ''),
(1146, 81, 'random_group', '', ''),
(1147, 81, 'em_validation_q', '', ''),
(1148, 81, 'em_validation_q_tip', '', 'en'),
(1149, 81, 'category_separator', '', ''),
(1150, 81, 'answer_order', 'normal', ''),
(1151, 81, 'other_replace_text', '', 'en'),
(1152, 81, 'hide_tip', '0', ''),
(1153, 81, 'hidden', '0', ''),
(1154, 81, 'cssclass', '', ''),
(1155, 81, 'other_position', 'default', ''),
(1156, 81, 'other_position_code', '', ''),
(1157, 81, 'dropdown_size', '', ''),
(1158, 81, 'printable_help', '', 'en'),
(1159, 81, 'dropdown_prefix', '0', ''),
(1160, 81, 'page_break', '0', ''),
(1161, 81, 'scale_export', '0', ''),
(1162, 81, 'time_limit', '', ''),
(1163, 81, 'time_limit_action', '1', ''),
(1164, 81, 'time_limit_disable_next', '0', ''),
(1165, 81, 'time_limit_disable_prev', '0', ''),
(1166, 81, 'time_limit_countdown_message', '', 'en'),
(1167, 81, 'time_limit_timer_style', '', ''),
(1168, 81, 'time_limit_message_delay', '', ''),
(1169, 81, 'time_limit_message', '', 'en'),
(1170, 81, 'time_limit_message_style', '', ''),
(1171, 81, 'time_limit_warning', '', ''),
(1172, 81, 'time_limit_warning_display_time', '', ''),
(1173, 81, 'time_limit_warning_message', '', 'en'),
(1174, 81, 'time_limit_warning_style', '', ''),
(1175, 81, 'time_limit_warning_2', '', ''),
(1176, 81, 'time_limit_warning_2_display_time', '', ''),
(1177, 81, 'time_limit_warning_2_message', '', 'en'),
(1178, 81, 'time_limit_warning_2_style', '', ''),
(1179, 81, 'public_statistics', '0', ''),
(1180, 81, 'statistics_showgraph', '1', ''),
(1181, 81, 'statistics_graphtype', '0', ''),
(1182, 81, 'save_as_default', 'N', ''),
(1183, 82, 'min_answers', '', ''),
(1184, 82, 'max_answers', '', ''),
(1185, 82, 'array_filter_exclude', '', ''),
(1186, 82, 'array_filter_style', '0', ''),
(1187, 82, 'assessment_value', '1', ''),
(1188, 82, 'other_numbers_only', '0', ''),
(1189, 82, 'array_filter', '', ''),
(1190, 82, 'exclude_all_others', '', ''),
(1191, 82, 'exclude_all_others_auto', '0', ''),
(1192, 82, 'random_group', '', ''),
(1193, 82, 'em_validation_q', '', ''),
(1194, 82, 'em_validation_q_tip', '', 'en'),
(1195, 82, 'other_replace_text', '', 'en'),
(1196, 82, 'display_columns', '', ''),
(1197, 82, 'hide_tip', '0', ''),
(1198, 82, 'random_order', '0', ''),
(1199, 82, 'hidden', '0', ''),
(1200, 82, 'cssclass', '', ''),
(1201, 82, 'other_position', 'end', ''),
(1202, 82, 'other_position_code', '', ''),
(1203, 82, 'printable_help', '', 'en'),
(1204, 82, 'page_break', '0', ''),
(1205, 82, 'scale_export', '0', ''),
(1206, 82, 'public_statistics', '0', ''),
(1207, 82, 'statistics_showgraph', '1', ''),
(1208, 82, 'statistics_graphtype', '0', ''),
(1209, 82, 'save_as_default', 'N', ''),
(1210, 86, 'random_group', '', ''),
(1211, 86, 'em_validation_q', '', ''),
(1212, 86, 'em_validation_q_tip', '', 'en'),
(1213, 86, 'hide_tip', '0', ''),
(1214, 86, 'text_input_width', '', ''),
(1215, 86, 'input_size', '', ''),
(1216, 86, 'display_rows', '', ''),
(1217, 86, 'hidden', '0', ''),
(1218, 86, 'cssclass', '', ''),
(1219, 86, 'maximum_chars', '', ''),
(1220, 86, 'page_break', '0', ''),
(1221, 86, 'time_limit', '', ''),
(1222, 86, 'time_limit_action', '1', ''),
(1223, 86, 'time_limit_disable_next', '0', ''),
(1224, 86, 'time_limit_disable_prev', '0', ''),
(1225, 86, 'time_limit_countdown_message', '', 'en'),
(1226, 86, 'time_limit_timer_style', '', ''),
(1227, 86, 'time_limit_message_delay', '', ''),
(1228, 86, 'time_limit_message', '', 'en'),
(1229, 86, 'time_limit_message_style', '', ''),
(1230, 86, 'time_limit_warning', '', ''),
(1231, 86, 'time_limit_warning_display_time', '', ''),
(1232, 86, 'time_limit_warning_message', '', 'en'),
(1233, 86, 'time_limit_warning_style', '', ''),
(1234, 86, 'time_limit_warning_2', '', ''),
(1235, 86, 'time_limit_warning_2_display_time', '', ''),
(1236, 86, 'time_limit_warning_2_message', '', 'en'),
(1237, 86, 'time_limit_warning_2_style', '', ''),
(1238, 86, 'statistics_showgraph', '1', ''),
(1239, 86, 'statistics_graphtype', '0', ''),
(1240, 86, 'save_as_default', 'N', ''),
(1241, 87, 'min_answers', '', ''),
(1242, 87, 'max_answers', '', ''),
(1243, 87, 'array_filter_exclude', '', ''),
(1244, 87, 'array_filter_style', '0', ''),
(1245, 87, 'array_filter', '', ''),
(1246, 87, 'random_group', '', ''),
(1247, 87, 'em_validation_q', '', ''),
(1248, 87, 'em_validation_q_tip', '', 'en'),
(1249, 87, 'em_validation_sq', '', '');
INSERT INTO `lime_question_attributes` (`qaid`, `qid`, `attribute`, `value`, `language`) VALUES
(1250, 87, 'em_validation_sq_tip', '', 'en'),
(1251, 87, 'answer_width', '', ''),
(1252, 87, 'repeat_headings', '', ''),
(1253, 87, 'placeholder', '', 'en'),
(1254, 87, 'input_size', '', ''),
(1255, 87, 'hide_tip', '0', ''),
(1256, 87, 'random_order', '0', ''),
(1257, 87, 'hidden', '0', ''),
(1258, 87, 'cssclass', '', ''),
(1259, 87, 'maximum_chars', '', ''),
(1260, 87, 'page_break', '0', ''),
(1261, 87, 'numbers_only', '0', ''),
(1262, 87, 'show_totals', 'X', ''),
(1263, 87, 'show_grand_total', '0', ''),
(1264, 87, 'statistics_showgraph', '1', ''),
(1265, 87, 'statistics_graphtype', '0', ''),
(1266, 87, 'save_as_default', 'N', ''),
(1267, 96, 'array_filter', '', ''),
(1268, 96, 'array_filter_style', '0', ''),
(1269, 96, 'array_filter_exclude', '', ''),
(1270, 96, 'other_numbers_only', '0', ''),
(1271, 96, 'other_comment_mandatory', '0', ''),
(1272, 96, 'random_group', '', ''),
(1273, 96, 'em_validation_q', '', ''),
(1274, 96, 'em_validation_q_tip', '', 'en'),
(1275, 96, 'em_validation_q_tip', '', 'de'),
(1276, 96, 'answer_order', 'normal', ''),
(1277, 96, 'other_replace_text', '', 'en'),
(1278, 96, 'other_replace_text', '', 'de'),
(1279, 96, 'hide_tip', '0', ''),
(1280, 96, 'display_columns', '', ''),
(1281, 96, 'hidden', '0', ''),
(1282, 96, 'cssclass', '', ''),
(1283, 96, 'other_position', 'default', ''),
(1284, 96, 'other_position_code', '', ''),
(1285, 96, 'printable_help', '', 'en'),
(1286, 96, 'printable_help', '', 'de'),
(1287, 96, 'page_break', '0', ''),
(1288, 96, 'scale_export', '0', ''),
(1289, 96, 'time_limit', '', ''),
(1290, 96, 'time_limit_action', '1', ''),
(1291, 96, 'time_limit_disable_next', '0', ''),
(1292, 96, 'time_limit_disable_prev', '0', ''),
(1293, 96, 'time_limit_countdown_message', '', 'en'),
(1294, 96, 'time_limit_countdown_message', '', 'de'),
(1295, 96, 'time_limit_timer_style', '', ''),
(1296, 96, 'time_limit_message_delay', '', ''),
(1297, 96, 'time_limit_message', '', 'en'),
(1298, 96, 'time_limit_message', '', 'de'),
(1299, 96, 'time_limit_message_style', '', ''),
(1300, 96, 'time_limit_warning', '', ''),
(1301, 96, 'time_limit_warning_display_time', '', ''),
(1302, 96, 'time_limit_warning_message', '', 'en'),
(1303, 96, 'time_limit_warning_message', '', 'de'),
(1304, 96, 'time_limit_warning_style', '', ''),
(1305, 96, 'time_limit_warning_2', '', ''),
(1306, 96, 'time_limit_warning_2_display_time', '', ''),
(1307, 96, 'time_limit_warning_2_message', '', 'en'),
(1308, 96, 'time_limit_warning_2_message', '', 'de'),
(1309, 96, 'time_limit_warning_2_style', '', ''),
(1310, 96, 'public_statistics', '0', ''),
(1311, 96, 'statistics_showgraph', '1', ''),
(1312, 96, 'statistics_graphtype', '0', ''),
(1313, 96, 'save_as_default', 'N', ''),
(1314, 97, 'answer_order', 'normal', ''),
(1315, 97, 'array_filter', '', ''),
(1316, 97, 'array_filter_exclude', '', ''),
(1317, 97, 'array_filter_style', '0', ''),
(1318, 97, 'cssclass', '', ''),
(1319, 97, 'display_columns', '', ''),
(1320, 97, 'em_validation_q', '', ''),
(1321, 97, 'em_validation_q_tip', '', 'de'),
(1322, 97, 'em_validation_q_tip', '', 'en'),
(1323, 97, 'hidden', '0', ''),
(1324, 97, 'hide_tip', '0', ''),
(1325, 97, 'other_comment_mandatory', '0', ''),
(1326, 97, 'other_numbers_only', '0', ''),
(1327, 97, 'other_position', 'default', ''),
(1328, 97, 'other_position_code', '', ''),
(1329, 97, 'other_replace_text', '', 'de'),
(1330, 97, 'other_replace_text', '', 'en'),
(1331, 97, 'page_break', '0', ''),
(1332, 97, 'printable_help', '', 'de'),
(1333, 97, 'printable_help', '', 'en'),
(1334, 97, 'public_statistics', '0', ''),
(1335, 97, 'random_group', '', ''),
(1336, 97, 'save_as_default', 'N', ''),
(1337, 97, 'scale_export', '0', ''),
(1338, 97, 'statistics_graphtype', '0', ''),
(1339, 97, 'statistics_showgraph', '1', ''),
(1340, 97, 'time_limit', '', ''),
(1341, 97, 'time_limit_action', '1', ''),
(1342, 97, 'time_limit_countdown_message', '', 'de'),
(1343, 97, 'time_limit_countdown_message', '', 'en'),
(1344, 97, 'time_limit_disable_next', '0', ''),
(1345, 97, 'time_limit_disable_prev', '0', ''),
(1346, 97, 'time_limit_message', '', 'de'),
(1347, 97, 'time_limit_message', '', 'en'),
(1348, 97, 'time_limit_message_delay', '', ''),
(1349, 97, 'time_limit_message_style', '', ''),
(1350, 97, 'time_limit_timer_style', '', ''),
(1351, 97, 'time_limit_warning', '', ''),
(1352, 97, 'time_limit_warning_2', '', ''),
(1353, 97, 'time_limit_warning_2_display_time', '', ''),
(1354, 97, 'time_limit_warning_2_message', '', 'de'),
(1355, 97, 'time_limit_warning_2_message', '', 'en'),
(1356, 97, 'time_limit_warning_2_style', '', ''),
(1357, 97, 'time_limit_warning_display_time', '', ''),
(1358, 97, 'time_limit_warning_message', '', 'de'),
(1359, 97, 'time_limit_warning_message', '', 'en'),
(1360, 97, 'time_limit_warning_style', '', ''),
(1361, 98, 'answer_order', 'normal', ''),
(1362, 98, 'array_filter', '', ''),
(1363, 98, 'array_filter_exclude', '', ''),
(1364, 98, 'array_filter_style', '0', ''),
(1365, 98, 'cssclass', '', ''),
(1366, 98, 'display_columns', '', ''),
(1367, 98, 'em_validation_q', '', ''),
(1368, 98, 'em_validation_q_tip', '', 'de'),
(1369, 98, 'em_validation_q_tip', '', 'en'),
(1370, 98, 'hidden', '0', ''),
(1371, 98, 'hide_tip', '0', ''),
(1372, 98, 'other_comment_mandatory', '0', ''),
(1373, 98, 'other_numbers_only', '0', ''),
(1374, 98, 'other_position', 'default', ''),
(1375, 98, 'other_position_code', '', ''),
(1376, 98, 'other_replace_text', '', 'de'),
(1377, 98, 'other_replace_text', '', 'en'),
(1378, 98, 'page_break', '0', ''),
(1379, 98, 'printable_help', '', 'de'),
(1380, 98, 'printable_help', '', 'en'),
(1381, 98, 'public_statistics', '0', ''),
(1382, 98, 'random_group', '', ''),
(1383, 98, 'save_as_default', 'N', ''),
(1384, 98, 'scale_export', '0', ''),
(1385, 98, 'statistics_graphtype', '0', ''),
(1386, 98, 'statistics_showgraph', '1', ''),
(1387, 98, 'time_limit', '', ''),
(1388, 98, 'time_limit_action', '1', ''),
(1389, 98, 'time_limit_countdown_message', '', 'de'),
(1390, 98, 'time_limit_countdown_message', '', 'en'),
(1391, 98, 'time_limit_disable_next', '0', ''),
(1392, 98, 'time_limit_disable_prev', '0', ''),
(1393, 98, 'time_limit_message', '', 'de'),
(1394, 98, 'time_limit_message', '', 'en'),
(1395, 98, 'time_limit_message_delay', '', ''),
(1396, 98, 'time_limit_message_style', '', ''),
(1397, 98, 'time_limit_timer_style', '', ''),
(1398, 98, 'time_limit_warning', '', ''),
(1399, 98, 'time_limit_warning_2', '', ''),
(1400, 98, 'time_limit_warning_2_display_time', '', ''),
(1401, 98, 'time_limit_warning_2_message', '', 'de'),
(1402, 98, 'time_limit_warning_2_message', '', 'en'),
(1403, 98, 'time_limit_warning_2_style', '', ''),
(1404, 98, 'time_limit_warning_display_time', '', ''),
(1405, 98, 'time_limit_warning_message', '', 'de'),
(1406, 98, 'time_limit_warning_message', '', 'en'),
(1407, 98, 'time_limit_warning_style', '', ''),
(1408, 99, 'answer_order', 'normal', ''),
(1409, 99, 'array_filter', '', ''),
(1410, 99, 'array_filter_exclude', '', ''),
(1411, 99, 'array_filter_style', '0', ''),
(1412, 99, 'cssclass', '', ''),
(1413, 99, 'display_columns', '', ''),
(1414, 99, 'em_validation_q', '', ''),
(1415, 99, 'em_validation_q_tip', '', 'de'),
(1416, 99, 'em_validation_q_tip', '', 'en'),
(1417, 99, 'hidden', '0', ''),
(1418, 99, 'hide_tip', '0', ''),
(1419, 99, 'other_comment_mandatory', '0', ''),
(1420, 99, 'other_numbers_only', '0', ''),
(1421, 99, 'other_position', 'default', ''),
(1422, 99, 'other_position_code', '', ''),
(1423, 99, 'other_replace_text', '', 'de'),
(1424, 99, 'other_replace_text', '', 'en'),
(1425, 99, 'page_break', '0', ''),
(1426, 99, 'printable_help', '', 'de'),
(1427, 99, 'printable_help', '', 'en'),
(1428, 99, 'public_statistics', '0', ''),
(1429, 99, 'random_group', '', ''),
(1430, 99, 'save_as_default', 'N', ''),
(1431, 99, 'scale_export', '0', ''),
(1432, 99, 'statistics_graphtype', '0', ''),
(1433, 99, 'statistics_showgraph', '1', ''),
(1434, 99, 'time_limit', '', ''),
(1435, 99, 'time_limit_action', '1', ''),
(1436, 99, 'time_limit_countdown_message', '', 'de'),
(1437, 99, 'time_limit_countdown_message', '', 'en'),
(1438, 99, 'time_limit_disable_next', '0', ''),
(1439, 99, 'time_limit_disable_prev', '0', ''),
(1440, 99, 'time_limit_message', '', 'de'),
(1441, 99, 'time_limit_message', '', 'en'),
(1442, 99, 'time_limit_message_delay', '', ''),
(1443, 99, 'time_limit_message_style', '', ''),
(1444, 99, 'time_limit_timer_style', '', ''),
(1445, 99, 'time_limit_warning', '', ''),
(1446, 99, 'time_limit_warning_2', '', ''),
(1447, 99, 'time_limit_warning_2_display_time', '', ''),
(1448, 99, 'time_limit_warning_2_message', '', 'de'),
(1449, 99, 'time_limit_warning_2_message', '', 'en'),
(1450, 99, 'time_limit_warning_2_style', '', ''),
(1451, 99, 'time_limit_warning_display_time', '', ''),
(1452, 99, 'time_limit_warning_message', '', 'de'),
(1453, 99, 'time_limit_warning_message', '', 'en'),
(1454, 99, 'time_limit_warning_style', '', '');

--
-- Dumping data for table `lime_question_l10ns`
--

INSERT INTO `lime_question_l10ns` (`id`, `qid`, `question`, `help`, `script`, `language`) VALUES
(1, 1, 'A first example question. Please answer this question:', 'This is a question help text.', NULL, 'en'),
(3, 3, 'What colors are your favorite? Pick at least two.', 'This is a question help text.', '', 'en'),
(23, 23, 'black', NULL, NULL, 'en'),
(22, 22, 'beige', NULL, NULL, 'en'),
(21, 21, 'orange', NULL, NULL, 'en'),
(20, 20, 'pink', NULL, NULL, 'en'),
(19, 19, 'purple', NULL, NULL, 'en'),
(18, 18, 'blue', NULL, NULL, 'en'),
(17, 17, 'yellow', NULL, NULL, 'en'),
(16, 16, 'green', NULL, NULL, 'en'),
(15, 15, 'red', NULL, NULL, 'en'),
(24, 24, 'white', NULL, NULL, 'en'),
(25, 25, 'brown', NULL, NULL, 'en'),
(26, 26, 'Why do you like darker colors?', '', '', 'en'),
(27, 27, 'Why do you like lighter colors?', '', '', 'en'),
(28, 28, 'Which image do you like better?', '', '', 'en'),
(29, 29, 'A first example question. Please answer this question:', 'This is a question help text.', NULL, 'en'),
(30, 30, 'First question', '', '', 'en'),
(31, 31, 'Second question', '', '', 'en'),
(32, 32, 'Fourth question', '', '', 'en'),
(33, 33, 'Fifth question', '', '', 'en'),
(34, 34, 'A first example question. Please answer this question:', 'This is a question help text.', '', 'en'),
(35, 35, 'A first example question. Please answer this question:', 'This is a question help text.', NULL, 'en'),
(36, 36, 'A first example question. Please answer this question:', 'This is a question help text.', NULL, 'en'),
(37, 37, 'A first example question. Please answer this question:', 'This is a question help text.', NULL, 'en'),
(38, 38, 'A first example question. Please answer this question:', 'This is a question help text.', NULL, 'en'),
(39, 39, 'A first example question. Please answer this question:', 'This is a question help text.', NULL, 'en'),
(40, 40, 'A first example question. Please answer this question:', 'This is a question help text.', NULL, 'en'),
(41, 41, 'First question', '', '', 'en'),
(42, 42, 'Second question', '', '', 'en'),
(43, 40, 'A first example question. Please answer this question:', 'This is a question help text.', NULL, 'hr'),
(44, 41, 'First question', '', NULL, 'hr'),
(45, 42, 'Second question', '', NULL, 'hr'),
(46, 43, 'A first example question. Please answer this question:', 'This is a question help text.', NULL, 'en'),
(47, 43, 'A first example question. Please answer this question:', 'This is a question help text.', NULL, 'hr'),
(48, 44, 'First question', '', '', 'en'),
(49, 44, 'First question', '', NULL, 'hr'),
(50, 45, 'Second question', '', '', 'en'),
(51, 45, 'Second question', '', NULL, 'hr'),
(52, 46, 'A first example question. Please answer this question:', 'This is a question help text.', '', 'en'),
(53, 46, 'A first example question. Please answer this question:', 'This is a question help text.', '', 'hr'),
(54, 47, 'First question', '', '', 'en'),
(55, 47, 'First question', '', NULL, 'hr'),
(56, 48, 'Second question', '', '', 'en'),
(57, 48, 'Second question', '', NULL, 'hr'),
(58, 49, 'A first example question. Please answer this question:', 'This is a question help text.', '', 'en'),
(59, 49, 'A first example question. Please answer this question:', 'This is a question help text.', '', 'hr'),
(60, 50, 'First question', '', '', 'en'),
(61, 50, 'First question', '', NULL, 'hr'),
(62, 51, 'Second question', '', '', 'en'),
(63, 51, 'Second question', '', NULL, 'hr'),
(64, 52, 'A first example question. Please answer this question:', 'This is a question help text.', NULL, 'en'),
(65, 52, 'A first example question. Please answer this question:', 'This is a question help text.', NULL, 'hr'),
(66, 53, 'Select K', '', '', 'en'),
(67, 53, 'First question', '', '', 'hr'),
(68, 54, 'Second question', '', '', 'en'),
(69, 54, 'Second question', '', NULL, 'hr'),
(70, 55, 'Some question1', '', '', 'en'),
(71, 55, '', '', '', 'hr'),
(72, 56, 'Some question2', '', '', 'en'),
(73, 56, '', '', '', 'hr'),
(74, 57, 'Some question3', '', '', 'en'),
(75, 57, '', '', '', 'hr'),
(76, 58, 'A first example question. Please answer this question:', 'This is a question help text.', NULL, 'en'),
(77, 58, 'A first example question. Please answer this question:', 'This is a question help text.', NULL, 'hr'),
(78, 59, 'First question', '', '', 'en'),
(79, 59, 'First question', '', NULL, 'hr'),
(80, 60, 'Second question', '', '', 'en'),
(81, 60, 'Second question', '', NULL, 'hr'),
(82, 61, 'A first example question. Please answer this question:', 'This is a question help text.', NULL, 'en'),
(83, 61, 'A first example question. Please answer this question:', 'This is a question help text.', NULL, 'hr'),
(84, 62, 'Select K', '', '', 'en'),
(85, 62, 'First question', '', '', 'hr'),
(86, 63, 'Second question', '', '', 'en'),
(87, 63, 'Second question', '', NULL, 'hr'),
(88, 64, 'Some question1', '', '', 'en'),
(89, 64, '', '', '', 'hr'),
(90, 65, 'Some question2', '', '', 'en'),
(91, 65, '', '', '', 'hr'),
(92, 66, 'Some question3', '', '', 'en'),
(93, 66, '', '', '', 'hr'),
(94, 67, 'A first example question. Please answer this question:', 'This is a question help text.', NULL, 'en'),
(95, 67, 'A first example question. Please answer this question:', 'This is a question help text.', NULL, 'hr'),
(96, 68, 'First question', '', '', 'en'),
(97, 68, 'First question', '', NULL, 'hr'),
(98, 69, 'Second question', '', '', 'en'),
(99, 69, 'Second question', '', NULL, 'hr'),
(100, 70, 'A first example question. Please answer this question:', 'This is a question help text.', NULL, 'en'),
(101, 71, 'A first example question. Please answer this question:', 'This is a question help text.', NULL, 'en'),
(102, 72, 'A first example question. Please answer this question:', 'This is a question help text.', NULL, 'en'),
(103, 73, 'This question will soon be deleted', '', '', 'en'),
(104, 74, 'Array dual scale', '', '', 'en'),
(110, 80, 'Internet', NULL, NULL, 'en'),
(109, 79, 'Radio', NULL, NULL, 'en'),
(108, 78, 'TV', NULL, NULL, 'en'),
(111, 81, 'List (dropdown)', '', '', 'en'),
(112, 82, 'Multiple choice', '', '', 'en'),
(113, 83, '0-5 years', NULL, NULL, 'en'),
(114, 84, '5-15 years', NULL, NULL, 'en'),
(115, 85, '15-25 years', NULL, NULL, 'en'),
(116, 86, 'Some text', '', '', 'en'),
(117, 87, 'Array question', 'This is a question help text.', '', 'en'),
(118, 88, 'one', NULL, NULL, 'en'),
(119, 89, 'one', NULL, NULL, 'en'),
(120, 90, 'two', NULL, NULL, 'en'),
(121, 91, 'three', NULL, NULL, 'en'),
(122, 92, 'four', NULL, NULL, 'en'),
(123, 93, 'two', NULL, NULL, 'en'),
(124, 94, 'three', NULL, NULL, 'en'),
(125, 95, 'four', NULL, NULL, 'en'),
(126, 96, 'A first example question. Please answer this question:', 'This is a question help text.', '', 'en'),
(127, 96, 'A first example question. Please answer this question:', 'This is a question help text.', '', 'de'),
(128, 97, 'A first example question. Please answer this question:', 'This is a question help text.', '', 'de'),
(129, 97, 'A first example question. Please answer this question:', 'This is a question help text.', '', 'en'),
(130, 98, 'A first example question. Please answer this question:', 'This is a question help text.', '', 'de'),
(131, 98, 'A first example question. Please answer this question:', 'This is a question help text.', '', 'en'),
(132, 99, 'A first example question. Please answer this question:', 'This is a question help text.', '', 'de'),
(133, 99, 'A first example question. Please answer this question:', 'This is a question help text.', '', 'en');

--
-- Dumping data for table `lime_question_themes`
--

INSERT INTO `lime_question_themes` (`id`, `name`, `visible`, `xml_path`, `image_path`, `title`, `creation_date`, `author`, `author_email`, `author_url`, `copyright`, `license`, `version`, `api_version`, `description`, `last_update`, `owner_id`, `theme_type`, `question_type`, `core_theme`, `extends`, `group`, `settings`) VALUES
(1, '5pointchoice', 'Y', 'application/views/survey/questions/answer/5pointchoice', '/assets/images/screenshots/5.png', '5 point choice', '2018-09-08 00:00:00', 'LimeSurvey GmbH', 'info@limesurvey.org', 'http://www.limesurvey.org', 'Copyright (C) 2005 - 2018 LimeSurvey Gmbh, Inc. All rights reserved.', 'GNU General Public License version 2 or later', '1.0', '1', '5 point choice question type configuration', '2019-09-23 15:05:59', 1, 'question_theme', '5', 1, '', 'Single choice questions', '{\"subquestions\":\"0\",\"answerscales\":\"0\",\"hasdefaultvalues\":\"0\",\"assessable\":\"0\",\"class\":\"choice-5-pt-radio\"}'),
(2, 'arrays/10point', 'Y', 'application/views/survey/questions/answer/arrays/10point', '/assets/images/screenshots/B.png', 'Array (10 point choice)', '2018-09-08 00:00:00', 'LimeSurvey GmbH', 'info@limesurvey.org', 'http://www.limesurvey.org', 'Copyright (C) 2005 - 2018 LimeSurvey Gmbh, Inc. All rights reserved.', 'GNU General Public License version 2 or later', '1.0', '1', 'Array (10 point choice) question type configuration', '2019-09-23 15:05:59', 1, 'question_theme', 'B', 1, '', 'Arrays', '{\"subquestions\":\"1\",\"answerscales\":\"0\",\"hasdefaultvalues\":\"0\",\"assessable\":\"1\",\"class\":\"array-10-pt\"}'),
(3, 'arrays/5point', 'Y', 'application/views/survey/questions/answer/arrays/5point', '/assets/images/screenshots/A.png', 'Array (5 point choice)', '2018-09-08 00:00:00', 'LimeSurvey GmbH', 'info@limesurvey.org', 'http://www.limesurvey.org', 'Copyright (C) 2005 - 2018 LimeSurvey Gmbh, Inc. All rights reserved.', 'GNU General Public License version 2 or later', '1.0', '1', 'Array (5 point choice) question type configuration', '2019-09-23 15:05:59', 1, 'question_theme', 'A', 1, '', 'Arrays', '{\"subquestions\":\"1\",\"answerscales\":\"0\",\"hasdefaultvalues\":\"0\",\"assessable\":\"1\",\"class\":\"array-5-pt\"}'),
(4, 'arrays/array', 'Y', 'application/views/survey/questions/answer/arrays/array', '/assets/images/screenshots/F.png', 'Array', '2018-09-08 00:00:00', 'LimeSurvey GmbH', 'info@limesurvey.org', 'http://www.limesurvey.org', 'Copyright (C) 2005 - 2018 LimeSurvey Gmbh, Inc. All rights reserved.', 'GNU General Public License version 2 or later', '1.0', '1', 'Array question type configuration', '2019-09-23 15:05:59', 1, 'question_theme', 'F', 1, '', 'Arrays', '{\"subquestions\":\"1\",\"answerscales\":\"1\",\"hasdefaultvalues\":\"0\",\"assessable\":\"1\",\"class\":\"array-flexible-row\"}'),
(5, 'arrays/column', 'Y', 'application/views/survey/questions/answer/arrays/column', '/assets/images/screenshots/H.png', 'Array by column', '2018-09-08 00:00:00', 'LimeSurvey GmbH', 'info@limesurvey.org', 'http://www.limesurvey.org', 'Copyright (C) 2005 - 2018 LimeSurvey Gmbh, Inc. All rights reserved.', 'GNU General Public License version 2 or later', '1.0', '1', 'Array by column question type configuration', '2019-09-23 15:05:59', 1, 'question_theme', 'H', 1, '', 'Arrays', '{\"subquestions\":\"1\",\"answerscales\":\"1\",\"hasdefaultvalues\":\"0\",\"assessable\":\"1\",\"class\":\"array-flexible-column\"}'),
(6, 'arrays/dualscale', 'Y', 'application/views/survey/questions/answer/arrays/dualscale', '/assets/images/screenshots/1.png', 'Array dual scale', '2018-09-08 00:00:00', 'LimeSurvey GmbH', 'info@limesurvey.org', 'http://www.limesurvey.org', 'Copyright (C) 2005 - 2018 LimeSurvey Gmbh, Inc. All rights reserved.', 'GNU General Public License version 2 or later', '1.0', '1', 'Array dual scale question type configuration', '2019-09-23 15:05:59', 1, 'question_theme', '1', 1, '', 'Arrays', '{\"subquestions\":\"1\",\"answerscales\":\"2\",\"hasdefaultvalues\":\"0\",\"assessable\":\"1\",\"class\":\"array-flexible-dual-scale\"}'),
(7, 'arrays/increasesamedecrease', 'Y', 'application/views/survey/questions/answer/arrays/increasesamedecrease', '/assets/images/screenshots/E.png', 'Array (Increase/Same/Decrease)', '2018-09-08 00:00:00', 'LimeSurvey GmbH', 'info@limesurvey.org', 'http://www.limesurvey.org', 'Copyright (C) 2005 - 2018 LimeSurvey Gmbh, Inc. All rights reserved.', 'GNU General Public License version 2 or later', '1.0', '1', 'Array (Increase/Same/Decrease) question type configuration', '2019-09-23 15:05:59', 1, 'question_theme', 'E', 1, '', 'Arrays', '{\"subquestions\":\"1\",\"answerscales\":\"0\",\"hasdefaultvalues\":\"0\",\"assessable\":\"1\",\"class\":\"array-increase-same-decrease\"}'),
(8, 'arrays/multiflexi', 'Y', 'application/views/survey/questions/answer/arrays/multiflexi', '/assets/images/screenshots/COLON.png', 'Array (Numbers)', '2018-09-08 00:00:00', 'LimeSurvey GmbH', 'info@limesurvey.org', 'http://www.limesurvey.org', 'Copyright (C) 2005 - 2018 LimeSurvey Gmbh, Inc. All rights reserved.', 'GNU General Public License version 2 or later', '1.0', '1', 'Array (Numbers) question type configuration', '2019-09-23 15:05:59', 1, 'question_theme', ':', 1, '', 'Arrays', '{\"subquestions\":\"2\",\"answerscales\":\"0\",\"hasdefaultvalues\":\"0\",\"assessable\":\"1\",\"class\":\"array-multi-flexi\"}'),
(9, 'arrays/texts', 'Y', 'application/views/survey/questions/answer/arrays/texts', '/assets/images/screenshots/;.png', 'Array (Texts)', '2018-09-08 00:00:00', 'LimeSurvey GmbH', 'info@limesurvey.org', 'http://www.limesurvey.org', 'Copyright (C) 2005 - 2018 LimeSurvey Gmbh, Inc. All rights reserved.', 'GNU General Public License version 2 or later', '1.0', '1', 'Array (Texts) question type configuration', '2019-09-23 15:05:59', 1, 'question_theme', ';', 1, '', 'Arrays', '{\"subquestions\":\"2\",\"answerscales\":\"0\",\"hasdefaultvalues\":\"0\",\"assessable\":\"0\",\"class\":\"array-multi-flexi-text\"}'),
(10, 'arrays/yesnouncertain', 'Y', 'application/views/survey/questions/answer/arrays/yesnouncertain', '/assets/images/screenshots/C.png', 'Array (Yes/No/Uncertain)', '2018-09-08 00:00:00', 'LimeSurvey GmbH', 'info@limesurvey.org', 'http://www.limesurvey.org', 'Copyright (C) 2005 - 2018 LimeSurvey Gmbh, Inc. All rights reserved.', 'GNU General Public License version 2 or later', '1.0', '1', 'Array (Yes/No/Uncertain) question type configuration', '2019-09-23 15:05:59', 1, 'question_theme', 'C', 1, '', 'Arrays', '{\"subquestions\":\"1\",\"answerscales\":\"0\",\"hasdefaultvalues\":\"0\",\"assessable\":\"1\",\"class\":\"array-yes-uncertain-no\"}'),
(11, 'boilerplate', 'Y', 'application/views/survey/questions/answer/boilerplate', '/assets/images/screenshots/X.png', 'Text display', '2018-09-08 00:00:00', 'LimeSurvey GmbH', 'info@limesurvey.org', 'http://www.limesurvey.org', 'Copyright (C) 2005 - 2018 LimeSurvey Gmbh, Inc. All rights reserved.', 'GNU General Public License version 2 or later', '1.0', '1', 'Text display question type configuration', '2019-09-23 15:05:59', 1, 'question_theme', 'X', 1, '', 'Mask questions', '{\"subquestions\":\"0\",\"answerscales\":\"0\",\"hasdefaultvalues\":\"0\",\"assessable\":\"0\",\"class\":\"boilerplate\"}'),
(12, 'date', 'Y', 'application/views/survey/questions/answer/date', '/assets/images/screenshots/D.png', 'Date/Time', '2018-09-08 00:00:00', 'LimeSurvey GmbH', 'info@limesurvey.org', 'http://www.limesurvey.org', 'Copyright (C) 2005 - 2018 LimeSurvey Gmbh, Inc. All rights reserved.', 'GNU General Public License version 2 or later', '1.0', '1', 'Date/Time question type configuration', '2019-09-23 15:05:59', 1, 'question_theme', 'D', 1, '', 'Mask questions', '{\"subquestions\":\"0\",\"answerscales\":\"0\",\"hasdefaultvalues\":\"1\",\"assessable\":\"0\",\"class\":\"date\"}'),
(13, 'equation', 'Y', 'application/views/survey/questions/answer/equation', '/assets/images/screenshots/EQUATION.png', 'Equation', '2018-09-08 00:00:00', 'LimeSurvey GmbH', 'info@limesurvey.org', 'http://www.limesurvey.org', 'Copyright (C) 2005 - 2018 LimeSurvey Gmbh, Inc. All rights reserved.', 'GNU General Public License version 2 or later', '1.0', '1', 'Equation question type configuration', '2019-09-23 15:05:59', 1, 'question_theme', '*', 1, '', 'Mask questions', '{\"subquestions\":\"0\",\"answerscales\":\"0\",\"hasdefaultvalues\":\"0\",\"assessable\":\"0\",\"class\":\"equation\"}'),
(14, 'file_upload', 'Y', 'application/views/survey/questions/answer/file_upload', '/assets/images/screenshots/PIPE.png', 'File upload', '2018-09-08 00:00:00', 'LimeSurvey GmbH', 'info@limesurvey.org', 'http://www.limesurvey.org', 'Copyright (C) 2005 - 2018 LimeSurvey Gmbh, Inc. All rights reserved.', 'GNU General Public License version 2 or later', '1.0', '1', 'File upload question type configuration', '2019-09-23 15:05:59', 1, 'question_theme', '|', 1, '', 'Mask questions', '{\"subquestions\":\"0\",\"answerscales\":\"0\",\"hasdefaultvalues\":\"0\",\"assessable\":\"0\",\"class\":\"upload-files\"}'),
(15, 'gender', 'Y', 'application/views/survey/questions/answer/gender', '/assets/images/screenshots/G.png', 'Gender', '2018-09-08 00:00:00', 'LimeSurvey GmbH', 'info@limesurvey.org', 'http://www.limesurvey.org', 'Copyright (C) 2005 - 2018 LimeSurvey Gmbh, Inc. All rights reserved.', 'GNU General Public License version 2 or later', '1.0', '1', 'Gender question type configuration', '2019-09-23 15:05:59', 1, 'question_theme', 'G', 1, '', 'Mask questions', '{\"subquestions\":\"0\",\"answerscales\":\"0\",\"hasdefaultvalues\":\"0\",\"assessable\":\"0\",\"class\":\"gender\"}'),
(16, 'hugefreetext', 'Y', 'application/views/survey/questions/answer/hugefreetext', '/assets/images/screenshots/U.png', 'Huge free text', '1970-01-01 01:00:00', 'LimeSurvey GmbH', 'info@limesurvey.org', 'http://www.limesurvey.org', 'Copyright (C) 2005 - 2018 LimeSurvey Gmbh, Inc. All rights reserved.', 'GNU General Public License version 2 or later', '1.0', '1', 'Huge free text question type configuration', '2019-09-23 15:05:59', 1, 'question_theme', 'U', 1, '', 'Text questions', '{\"subquestions\":\"0\",\"answerscales\":\"0\",\"hasdefaultvalues\":\"1\",\"assessable\":\"0\",\"class\":\"text-huge\"}'),
(17, 'language', 'Y', 'application/views/survey/questions/answer/language', '/assets/images/screenshots/I.png', 'Language switch', '2018-09-08 00:00:00', 'LimeSurvey GmbH', 'info@limesurvey.org', 'http://www.limesurvey.org', 'Copyright (C) 2005 - 2018 LimeSurvey Gmbh, Inc. All rights reserved.', 'GNU General Public License version 2 or later', '1.0', '1', 'Language switch question type configuration', '2019-09-23 15:05:59', 1, 'question_theme', 'I', 1, '', 'Mask questions', '{\"subquestions\":\"0\",\"answerscales\":\"0\",\"hasdefaultvalues\":\"0\",\"assessable\":\"0\",\"class\":\"language\"}'),
(18, 'listradio', 'Y', 'application/views/survey/questions/answer/listradio', '/assets/images/screenshots/L.png', 'List (Radio)', '2018-09-08 00:00:00', 'LimeSurvey GmbH', 'info@limesurvey.org', 'http://www.limesurvey.org', 'Copyright (C) 2005 - 2018 LimeSurvey Gmbh, Inc. All rights reserved.', 'GNU General Public License version 2 or later', '1.0', '1', 'List (radio) question type configuration', '2019-09-23 15:05:59', 1, 'question_theme', 'L', 1, '', 'Single choice questions', '{\"subquestions\":\"0\",\"answerscales\":\"1\",\"hasdefaultvalues\":\"1\",\"assessable\":\"1\",\"class\":\"list-radio\"}'),
(19, 'list_dropdown', 'Y', 'application/views/survey/questions/answer/list_dropdown', '/assets/images/screenshots/!.png', 'List (Dropdown)', '2018-09-08 00:00:00', 'LimeSurvey GmbH', 'info@limesurvey.org', 'http://www.limesurvey.org', 'Copyright (C) 2005 - 2018 LimeSurvey Gmbh, Inc. All rights reserved.', 'GNU General Public License version 2 or later', '1.0', '1', 'List (dropdown) question type configuration', '2019-09-23 15:05:59', 1, 'question_theme', '!', 1, '', 'Single choice questions', '{\"subquestions\":\"0\",\"answerscales\":\"1\",\"hasdefaultvalues\":\"1\",\"assessable\":\"1\",\"class\":\"list-dropdown\"}'),
(20, 'list_with_comment', 'Y', 'application/views/survey/questions/answer/list_with_comment', '/assets/images/screenshots/O.png', 'List with comment', '2018-09-08 00:00:00', 'LimeSurvey GmbH', 'info@limesurvey.org', 'http://www.limesurvey.org', 'Copyright (C) 2005 - 2018 LimeSurvey Gmbh, Inc. All rights reserved.', 'GNU General Public License version 2 or later', '1.0', '1', 'List with comment question type configuration', '2019-09-23 15:05:59', 1, 'question_theme', 'O', 1, '', 'Single choice questions', '{\"subquestions\":\"0\",\"answerscales\":\"1\",\"hasdefaultvalues\":\"1\",\"assessable\":\"1\",\"class\":\"list-with-comment\"}'),
(21, 'longfreetext', 'Y', 'application/views/survey/questions/answer/longfreetext', '/assets/images/screenshots/T.png', 'Long free text', '2018-09-08 00:00:00', 'LimeSurvey GmbH', 'info@limesurvey.org', 'http://www.limesurvey.org', 'Copyright (C) 2005 - 2018 LimeSurvey Gmbh, Inc. All rights reserved.', 'GNU General Public License version 2 or later', '1.0', '1', 'Long free text question type configuration', '2019-09-23 15:05:59', 1, 'question_theme', 'T', 1, '', 'Text questions', '{\"subquestions\":\"0\",\"answerscales\":\"0\",\"hasdefaultvalues\":\"1\",\"assessable\":\"0\",\"class\":\"text-long\"}'),
(22, 'multiplechoice', 'Y', 'application/views/survey/questions/answer/multiplechoice', '/assets/images/screenshots/M.png', 'Multiple choice', '2018-09-08 00:00:00', 'LimeSurvey GmbH', 'info@limesurvey.org', 'http://www.limesurvey.org', 'Copyright (C) 2005 - 2018 LimeSurvey Gmbh, Inc. All rights reserved.', 'GNU General Public License version 2 or later', '1.0', '1', 'Multiple choice question type configuration', '2019-09-23 15:05:59', 1, 'question_theme', 'M', 1, '', 'Multiple choice questions', '{\"subquestions\":\"1\",\"answerscales\":\"0\",\"hasdefaultvalues\":\"1\",\"assessable\":\"1\",\"class\":\"multiple-opt\"}'),
(23, 'multiplechoice_with_comments', 'Y', 'application/views/survey/questions/answer/multiplechoice_with_comments', '/assets/images/screenshots/P.png', 'Multiple choice with comments', '2018-09-08 00:00:00', 'LimeSurvey GmbH', 'info@limesurvey.org', 'http://www.limesurvey.org', 'Copyright (C) 2005 - 2018 LimeSurvey Gmbh, Inc. All rights reserved.', 'GNU General Public License version 2 or later', '1.0', '1', 'Multiple choice with comments question type configuration', '2019-09-23 15:05:59', 1, 'question_theme', 'P', 1, '', 'Multiple choice questions', '{\"subquestions\":\"1\",\"answerscales\":\"0\",\"hasdefaultvalues\":\"1\",\"assessable\":\"1\",\"class\":\"multiple-opt-comments\"}'),
(24, 'multiplenumeric', 'Y', 'application/views/survey/questions/answer/multiplenumeric', '/assets/images/screenshots/K.png', 'Multiple numerical input', '2018-09-08 00:00:00', 'LimeSurvey GmbH', 'info@limesurvey.org', 'http://www.limesurvey.org', 'Copyright (C) 2005 - 2018 LimeSurvey Gmbh, Inc. All rights reserved.', 'GNU General Public License version 2 or later', '1.0', '1', 'Multiple numerical input question type configuration', '2019-09-23 15:05:59', 1, 'question_theme', 'K', 1, '', 'Mask questions', '{\"subquestions\":\"1\",\"answerscales\":\"0\",\"hasdefaultvalues\":\"1\",\"assessable\":\"1\",\"class\":\"numeric-multi\"}'),
(25, 'multipleshorttext', 'Y', 'application/views/survey/questions/answer/multipleshorttext', '/assets/images/screenshots/Q.png', 'Multiple short text', '2018-09-08 00:00:00', 'LimeSurvey GmbH', 'info@limesurvey.org', 'http://www.limesurvey.org', 'Copyright (C) 2005 - 2018 LimeSurvey Gmbh, Inc. All rights reserved.', 'GNU General Public License version 2 or later', '1.0', '1', 'Multiple short text question type configuration', '2019-09-23 15:05:59', 1, 'question_theme', 'Q', 1, '', 'Text questions', '{\"subquestions\":\"1\",\"answerscales\":\"0\",\"hasdefaultvalues\":\"1\",\"assessable\":\"0\",\"class\":\"multiple-short-txt\"}'),
(26, 'numerical', 'Y', 'application/views/survey/questions/answer/numerical', '/assets/images/screenshots/N.png', 'Numerical input', '2018-09-08 00:00:00', 'LimeSurvey GmbH', 'info@limesurvey.org', 'http://www.limesurvey.org', 'Copyright (C) 2005 - 2018 LimeSurvey Gmbh, Inc. All rights reserved.', 'GNU General Public License version 2 or later', '1.0', '1', 'Numerical input question type configuration', '2019-09-23 15:05:59', 1, 'question_theme', 'N', 1, '', 'Mask questions', '{\"subquestions\":\"0\",\"answerscales\":\"0\",\"hasdefaultvalues\":\"1\",\"assessable\":\"0\",\"class\":\"numeric\"}'),
(27, 'ranking', 'Y', 'application/views/survey/questions/answer/ranking', '/assets/images/screenshots/R.png', 'Ranking', '2018-09-08 00:00:00', 'LimeSurvey GmbH', 'info@limesurvey.org', 'http://www.limesurvey.org', 'Copyright (C) 2005 - 2018 LimeSurvey Gmbh, Inc. All rights reserved.', 'GNU General Public License version 2 or later', '1.0', '1', 'Ranking question type configuration', '2019-09-23 15:05:59', 1, 'question_theme', 'R', 1, '', 'Mask questions', '{\"subquestions\":\"0\",\"answerscales\":\"1\",\"hasdefaultvalues\":\"0\",\"assessable\":\"1\",\"class\":\"ranking\"}'),
(28, 'shortfreetext', 'Y', 'application/views/survey/questions/answer/shortfreetext', '/assets/images/screenshots/S.png', 'Short free text', '2018-09-08 00:00:00', 'LimeSurvey GmbH', 'info@limesurvey.org', 'http://www.limesurvey.org', 'Copyright (C) 2005 - 2018 LimeSurvey Gmbh, Inc. All rights reserved.', 'GNU General Public License version 2 or later', '1.0', '1', 'Short free text question type configuration', '2019-09-23 15:05:59', 1, 'question_theme', 'S', 1, '', 'Text questions', '{\"subquestions\":\"0\",\"answerscales\":\"0\",\"hasdefaultvalues\":\"1\",\"assessable\":\"0\",\"class\":\"text-short\"}'),
(29, 'yesno', 'Y', 'application/views/survey/questions/answer/yesno', '/assets/images/screenshots/Y.png', 'Yes/No', '2018-09-08 00:00:00', 'LimeSurvey GmbH', 'info@limesurvey.org', 'http://www.limesurvey.org', 'Copyright (C) 2005 - 2018 LimeSurvey Gmbh, Inc. All rights reserved.', 'GNU General Public License version 2 or later', '1.0', '1', 'Yes/No question type configuration', '2019-09-23 15:05:59', 1, 'question_theme', 'Y', 1, '', 'Mask questions', '{\"subquestions\":\"0\",\"answerscales\":\"0\",\"hasdefaultvalues\":\"1\",\"assessable\":\"0\",\"class\":\"yes-no\"}'),
(30, 'bootstrap_dropdown', 'Y', 'themes/question/bootstrap_dropdown/survey/questions/answer/list_dropdown', '/themes/question/bootstrap_dropdown/survey/questions/answer/list_dropdown/assets/bootstrap_dropdown_list_dropdown.png', 'Bootstrap dropdown', '1970-01-01 01:00:00', 'Adam Zammit', 'adam.zammit@acspri.org.au', 'https://www.acspri.org.au', 'Copyright (C) 2021 The Australian Consortium for Social and Political Research Incorporated (ACSPRI)', 'GNU General Public License version 2 or later', '1.0', '1', 'Bootstrap dropdown theme', '2021-09-29 12:00:00', 1, 'question_theme', '!', 1, '!', 'Single choice questions', '{\"subquestions\":\"0\",\"answerscales\":\"1\",\"hasdefaultvalues\":\"1\",\"assessable\":\"1\",\"class\":\"list-dropdown\"}'),
(31, 'bootstrap_buttons', 'Y', 'themes/question/bootstrap_buttons/survey/questions/answer/listradio', '/themes/question/bootstrap_buttons/survey/questions/answer/listradio/assets/bootstrap_buttons_listradio.png', 'Bootstrap buttons', '1970-01-01 01:00:00', 'LimeSurvey GmbH', 'info@limesurvey.org', 'http://www.limesurvey.org', 'Copyright (C) 2005 - 2018 LimeSurvey Gmbh, Inc. All rights reserved.', 'GNU General Public License version 2 or later', '1.0', '1', 'New implementation of the Bootstrap buttons question theme', '2019-09-23 15:05:59', 1, 'question_theme', 'L', 1, 'L', 'Single choice questions', '{\"subquestions\":\"0\",\"answerscales\":\"1\",\"hasdefaultvalues\":\"1\",\"assessable\":\"1\",\"class\":\"list-radio\"}'),
(32, 'bootstrap_buttons_multi', 'Y', 'themes/question/bootstrap_buttons_multi/survey/questions/answer/multiplechoice', '/themes/question/bootstrap_buttons_multi/survey/questions/answer/multiplechoice/assets/bootstrap_buttons_multiplechoice.png', 'Bootstrap buttons', '1970-01-01 01:00:00', 'LimeSurvey GmbH', 'info@limesurvey.org', 'http://www.limesurvey.org', 'Copyright (C) 2005 - 2018 LimeSurvey Gmbh, Inc. All rights reserved.', 'GNU General Public License version 2 or later', '1.0', '1', 'New implementation of the Bootstrap buttons question theme', '2019-09-23 15:05:59', 1, 'question_theme', 'M', 1, 'M', 'Multiple choice questions', '{\"subquestions\":\"1\",\"answerscales\":\"0\",\"hasdefaultvalues\":\"1\",\"assessable\":\"1\",\"class\":\"multiple-opt\"}'),
(33, 'browserdetect', 'Y', 'themes/question/browserdetect/survey/questions/answer/shortfreetext', '/assets/images/screenshots/S.png', 'Browser detection', '2017-07-09 00:00:00', 'LimeSurvey GmbH', 'info@limesurvey.org', 'http://www.limesurvey.org', 'Copyright (C) 2005 - 2017 LimeSurvey Gmbh, Inc. All rights reserved.', 'GNU General Public License version 2 or later', '1.0', '1', 'Browser, Platform and Proxy detection', '2019-09-23 15:05:59', 1, 'question_theme', 'S', 1, 'S', 'Text questions', '{\"subquestions\":\"0\",\"answerscales\":\"0\",\"hasdefaultvalues\":\"1\",\"assessable\":\"0\",\"class\":\"text-short\"}'),
(34, 'image_select-listradio', 'Y', 'themes/question/image_select/survey/questions/answer/listradio', '/assets/images/screenshots/L.png', 'Image select list (Radio)', '1970-01-01 01:00:00', 'LimeSurvey GmbH', 'info@limesurvey.org', 'http://www.limesurvey.org', 'Copyright (C) 2005 - 2016 LimeSurvey Gmbh, Inc. All rights reserved.', 'GNU General Public License version 2 or later', '1.0', '1', 'List Radio with images.', '2019-09-23 15:05:59', 1, 'question_theme', 'L', 1, 'L', 'Single choice questions', '{\"subquestions\":\"0\",\"answerscales\":\"1\",\"hasdefaultvalues\":\"1\",\"assessable\":\"1\",\"class\":\"list-radio\"}'),
(35, 'image_select-multiplechoice', 'Y', 'themes/question/image_select/survey/questions/answer/multiplechoice', '/assets/images/screenshots/M.png', 'Image select multiple choice', '1970-01-01 01:00:00', 'LimeSurvey GmbH', 'info@limesurvey.org', 'http://www.limesurvey.org', 'Copyright (C) 2005 - 2016 LimeSurvey Gmbh, Inc. All rights reserved.', 'GNU General Public License version 2 or later', '1.0', '1', 'Multiplechoice with images.', '2019-09-23 15:05:59', 1, 'question_theme', 'M', 1, 'M', 'Multiple choice questions', '{\"subquestions\":\"1\",\"answerscales\":\"0\",\"hasdefaultvalues\":\"1\",\"assessable\":\"1\",\"class\":\"multiple-opt\"}'),
(36, 'inputondemand', 'Y', 'themes/question/inputondemand/survey/questions/answer/multipleshorttext', '/assets/images/screenshots/Q.png', 'Input on demand', '2019-10-04 00:00:00', 'LimeSurvey GmbH', 'info@limesurvey.org', 'http://www.limesurvey.org', 'Copyright (C) 2005 - 2019 LimeSurvey Gmbh, Inc. All rights reserved.', 'GNU General Public License version 2 or later', '1.0', '1', 'Hide not needed input fields in multiple shorttext', '2019-09-23 15:05:59', 1, 'question_theme', 'Q', 1, 'Q', 'Text questions', '{\"subquestions\":\"1\",\"answerscales\":\"0\",\"hasdefaultvalues\":\"1\",\"assessable\":\"0\",\"class\":\"multiple-short-txt\"}'),
(37, 'ranking_advanced', 'Y', 'themes/question/ranking_advanced/survey/questions/answer/ranking', '/assets/images/screenshots/R.png', 'Ranking advanced', '1970-01-01 01:00:00', 'LimeSurvey GmbH', 'info@limesurvey.org', 'http://www.limesurvey.org', 'Copyright (C) 2005 - 2017 LimeSurvey Gmbh, Inc. All rights reserved.', 'GNU General Public License version 2 or later', '1.0', '1', 'New implementation of the ranking question', '2019-09-23 15:05:59', 1, 'question_theme', 'R', 1, 'R', 'Mask questions', '{\"subquestions\":\"0\",\"answerscales\":\"1\",\"hasdefaultvalues\":\"0\",\"assessable\":\"1\",\"class\":\"ranking\"}');

--
-- Dumping data for table `lime_quota`
--

INSERT INTO `lime_quota` (`id`, `sid`, `name`, `qlimit`, `action`, `active`, `autoload_url`) VALUES
(1, 841748, 'dark colors', 5, 1, 1, 0);

--
-- Dumping data for table `lime_quota_languagesettings`
--

INSERT INTO `lime_quota_languagesettings` (`quotals_id`, `quotals_quota_id`, `quotals_language`, `quotals_name`, `quotals_message`, `quotals_url`, `quotals_urldescrip`) VALUES
(1, 1, 'en', NULL, 'Sorry your responses have exceeded a quota on this survey.', '', '');

--
-- Dumping data for table `lime_quota_members`
--

INSERT INTO `lime_quota_members` (`id`, `sid`, `qid`, `quota_id`, `code`) VALUES
(1, 841748, 3, 1, 'SQ009'),
(2, 841748, 3, 1, 'SQ011');

--
-- Dumping data for table `lime_sessions`
--

INSERT INTO `lime_sessions` (`id`, `expire`, `data`) VALUES
('ydfzPhbBLhwJ5AQbGrfXVCYnoErnbbIT', 1701180747, 0x61646d696e);

--
-- Dumping data for table `lime_settings_user`
--

INSERT INTO `lime_settings_user` (`id`, `uid`, `entity`, `entity_id`, `stg_name`, `stg_value`) VALUES
(1, 1, NULL, NULL, 'quickaction_state', '1'),
(2, 2, NULL, NULL, 'editorPreset', 'wysiwyg'),
(3, 2, NULL, NULL, 'showScriptEditor', '1'),
(4, 2, NULL, NULL, 'noViewMode', '0'),
(5, 2, NULL, NULL, 'answeroptionprefix', 'AO'),
(6, 2, NULL, NULL, 'subquestionprefix', 'SQ'),
(7, 2, NULL, NULL, 'lock_organizer', '0'),
(8, 3, NULL, NULL, 'editorPreset', 'wysiwyg'),
(9, 3, NULL, NULL, 'showScriptEdit', '1'),
(10, 3, NULL, NULL, 'noViewMode', '0'),
(11, 3, NULL, NULL, 'answeroptionprefix', 'AO'),
(12, 3, NULL, NULL, 'subquestionprefix', 'SQ'),
(13, 3, NULL, NULL, 'lock_organizer', '0'),
(14, 4, NULL, NULL, 'editorPreset', 'wysiwyg'),
(15, 4, NULL, NULL, 'showScriptEdit', '1'),
(16, 4, NULL, NULL, 'noViewMode', '0'),
(17, 4, NULL, NULL, 'answeroptionprefix', 'AO'),
(18, 4, NULL, NULL, 'subquestionprefix', 'SQ'),
(19, 4, NULL, NULL, 'lock_organizer', '0');

--
-- Dumping data for table `lime_surveymenu`
--

INSERT INTO `lime_surveymenu` (`id`, `parent_id`, `survey_id`, `user_id`, `name`, `ordering`, `level`, `title`, `position`, `description`, `showincollapse`, `active`, `changed_at`, `changed_by`, `created_at`, `created_by`) VALUES
(1, NULL, NULL, NULL, 'settings', 1, 0, 'Survey settings', 'side', 'Survey settings', 1, 1, '2023-04-28 12:19:53', 0, '2023-04-28 12:19:53', 0),
(2, NULL, NULL, NULL, 'mainmenu', 2, 0, 'Survey menu', 'side', 'Main survey menu', 1, 1, '2023-04-28 12:19:53', 0, '2023-04-28 12:19:53', 0),
(3, NULL, NULL, NULL, 'quickmenu', 3, 0, 'Quick menu', 'collapsed', 'Quick menu', 0, 1, '2023-04-28 12:19:53', 0, '2023-04-28 12:19:53', 0);

--
-- Dumping data for table `lime_surveymenu_entries`
--

INSERT INTO `lime_surveymenu_entries` (`id`, `menu_id`, `user_id`, `ordering`, `name`, `title`, `menu_title`, `menu_description`, `menu_icon`, `menu_icon_type`, `menu_class`, `menu_link`, `action`, `template`, `partial`, `classes`, `permission`, `permission_grade`, `data`, `getdatamethod`, `language`, `showincollapse`, `active`, `changed_at`, `changed_by`, `created_at`, `created_by`) VALUES
(1, 1, NULL, 1, 'overview', 'Survey overview', 'Overview', 'Open the general survey overview', 'ri-bar-chart-horizontal-line', 'remix', '', 'surveyAdministration/view', '', '', '', '', '', '', '{\"render\": { \"link\": {\"data\": {\"surveyid\": [\"survey\",\"sid\"]}}}}', '', 'en-GB', 0, 1, '2023-04-28 12:19:53', 0, '2023-04-28 12:19:53', 0),
(2, 1, NULL, 2, 'generalsettings', 'General survey settings', 'General settings', 'Open general survey settings', 'ri-tools-line', 'remix', '', '', 'updatesurveylocalesettings_generalsettings', 'editLocalSettings_main_view', '/admin/survey/subview/accordion/_generaloptions_panel', '', 'surveysettings', 'read', NULL, 'generalTabEditSurvey', 'en-GB', 1, 1, '2023-04-28 12:19:53', 0, '2023-04-28 12:19:53', 0),
(3, 1, NULL, 3, 'surveytexts', 'Survey text elements', 'Text elements', 'Survey text elements', 'ri-text-spacing', 'remix', '', '', 'updatesurveylocalesettings', 'editLocalSettings_main_view', '/admin/survey/subview/tab_edit_view', '', 'surveylocale', 'read', NULL, 'getTextEditData', 'en-GB', 1, 1, '2023-04-28 12:19:53', 0, '2023-04-28 12:19:53', 0),
(4, 1, NULL, 4, 'datasecurity', 'Privacy policy settings', 'Privacy policy', 'Edit privacy policy settings', 'ri-shield-line', 'remix', '', '', 'updatesurveylocalesettings', 'editLocalSettings_main_view', '/admin/survey/subview/tab_edit_view_datasecurity', '', 'surveylocale', 'read', NULL, 'getDataSecurityEditData', 'en-GB', 1, 1, '2023-04-28 12:19:53', 0, '2023-04-28 12:19:53', 0),
(5, 1, NULL, 5, 'theme_options', 'Theme options', 'Theme options', 'Edit theme options for this survey', 'ri-contrast-drop-fill', 'remix', '', 'themeOptions/updateSurvey', '', '', '', '', 'surveysettings', 'update', '{\"render\": {\"link\": { \"pjaxed\": true, \"data\": {\"surveyid\": [\"survey\",\"sid\"], \"gsid\":[\"survey\",\"gsid\"]}}}}', '', 'en-GB', 0, 1, '2023-04-28 12:19:53', 0, '2023-04-28 12:19:53', 0),
(6, 1, NULL, 6, 'presentation', 'Presentation & navigation settings', 'Presentation', 'Edit presentation and navigation settings', 'ri-slideshow-line', 'remix', '', '', 'updatesurveylocalesettings', 'editLocalSettings_main_view', '/admin/survey/subview/accordion/_presentation_panel', '', 'surveylocale', 'read', NULL, 'tabPresentationNavigation', 'en-GB', 0, 1, '2023-04-28 12:19:53', 0, '2023-04-28 12:19:53', 0),
(7, 1, NULL, 7, 'tokens', 'Survey participant settings', 'Participant settings', 'Set additional options for survey participants', 'ri-body-scan-fill', 'remix', '', '', 'updatesurveylocalesettings', 'editLocalSettings_main_view', '/admin/survey/subview/accordion/_tokens_panel', '', 'surveylocale', 'read', NULL, 'tabTokens', 'en-GB', 0, 1, '2023-04-28 12:19:53', 0, '2023-04-28 12:19:53', 0),
(8, 1, NULL, 8, 'notification', 'Notification and data management settings', 'Notifications & data', 'Edit settings for notification and data management', 'ri-notification-line', 'remix', '', '', 'updatesurveylocalesettings', 'editLocalSettings_main_view', '/admin/survey/subview/accordion/_notification_panel', '', 'surveylocale', 'read', NULL, 'tabNotificationDataManagement', 'en-GB', 0, 1, '2023-04-28 12:19:53', 0, '2023-04-28 12:19:53', 0),
(9, 1, NULL, 9, 'publication', 'Publication & access control settings', 'Publication & access', 'Edit settings for publication and access control', 'ri-key-line', 'remix', '', '', 'updatesurveylocalesettings', 'editLocalSettings_main_view', '/admin/survey/subview/accordion/_publication_panel', '', 'surveylocale', 'read', NULL, 'tabPublicationAccess', 'en-GB', 0, 1, '2023-04-28 12:19:53', 0, '2023-04-28 12:19:53', 0),
(10, 1, NULL, 10, 'surveypermissions', 'Edit survey permissions', 'Survey permissions', 'Edit permissions for this survey', 'ri-lock-password-line', 'remix', '', 'surveyPermissions/index', '', '', '', '', 'surveysecurity', 'read', '{\"render\": { \"link\": {\"data\": {\"surveyid\": [\"survey\",\"sid\"]}}}}', '', 'en-GB', 0, 1, '2023-04-28 12:19:53', 0, '2023-04-28 12:19:53', 0),
(11, 2, NULL, 1, 'listQuestions', 'Overview question & groups', 'Overview question & groups', 'Overview question and groups', '', 'remix', '', 'questionAdministration/listQuestions', '', '', '', '', 'surveycontent', 'read', '{\"render\": { \"link\": {\"data\": {\"surveyid\": [\"survey\",\"sid\"]}}}}', '', 'en-GB', 1, 1, '2023-04-28 12:19:53', 0, '2023-04-28 12:19:53', 0),
(14, 2, NULL, 4, 'participants', 'Survey participants', 'Survey participants', 'Go to survey participant and token settings', '', 'remix', '', 'admin/tokens/sa/index/', '', '', '', '', 'tokens', 'read', '{\"render\": { \"link\": {\"data\": {\"surveyid\": [\"survey\",\"sid\"]}}}}', '', 'en-GB', 1, 1, '2023-04-28 12:19:53', 0, '2023-04-28 12:19:53', 0),
(15, 2, NULL, 5, 'emailtemplates', 'Email templates', 'Email templates', 'Edit the templates for invitation, reminder and registration emails', '', 'remix', '', 'admin/emailtemplates/sa/index/', '', '', '', '', 'surveylocale', 'read', '{\"render\": { \"link\": {\"data\": {\"surveyid\": [\"survey\",\"sid\"]}}}}', '', 'en-GB', 0, 1, '2023-04-28 12:19:53', 0, '2023-04-28 12:19:53', 0),
(16, 2, NULL, 6, 'failedemail', 'Failed email notifications', 'Failed email notifications', 'View and resend failed email notifications', '', 'remix', '', 'failedEmail/index/', '', '', '', '', 'surveylocale', 'read', '{\"render\": { \"link\": {\"data\": {\"surveyid\": [\"survey\",\"sid\"]}}}}', '', 'en-GB', 0, 1, '2023-04-28 12:19:53', 0, '2023-04-28 12:19:53', 0),
(17, 2, NULL, 7, 'quotas', 'Edit quotas', 'Quotas', 'Edit quotas for this survey.', '', 'remix', '', 'quotas/index/', '', '', '', '', 'quotas', 'read', '{\"render\": { \"link\": {\"data\": {\"surveyid\": [\"survey\",\"sid\"]}}}}', '', 'en-GB', 0, 1, '2023-04-28 12:19:53', 0, '2023-04-28 12:19:53', 0),
(18, 2, NULL, 8, 'assessments', 'Edit assessments', 'Assessments', 'Edit and look at the assessements for this survey.', '', 'remix', '', 'assessment/index', '', '', '', '', 'assessments', 'read', '{\"render\": { \"link\": {\"data\": {\"surveyid\": [\"survey\",\"sid\"]}}}}', '', 'en-GB', 0, 1, '2023-04-28 12:19:53', 0, '2023-04-28 12:19:53', 0),
(19, 2, NULL, 9, 'panelintegration', 'Edit survey panel integration', 'Panel integration', 'Define panel integrations for your survey', '', 'remix', '', '', 'updatesurveylocalesettings', 'editLocalSettings_main_view', '/admin/survey/subview/accordion/_integration_panel', '', 'surveylocale', 'read', '{\"render\": {\"link\": { \"pjaxed\": false}}}', 'tabPanelIntegration', 'en-GB', 0, 1, '2023-04-28 12:19:53', 0, '2023-04-28 12:19:53', 0),
(20, 2, NULL, 10, 'responses', 'Responses', 'Responses', 'Responses', '', 'remix', '', 'responses/browse/', '', '', '', '', 'responses', 'read', '{\"render\": {\"isActive\": true, \"link\": {\"data\": {\"surveyId\": [\"survey\", \"sid\"]}}}}', '', 'en-GB', 1, 1, '2023-04-28 12:19:53', 0, '2023-04-28 12:19:53', 0),
(21, 2, NULL, 11, 'statistics', 'Statistics', 'Statistics', 'Statistics', '', 'remix', '', 'admin/statistics/sa/index/', '', '', '', '', 'statistics', 'read', '{\"render\": {\"isActive\": true, \"link\": {\"data\": {\"surveyid\": [\"survey\", \"sid\"]}}}}', '', 'en-GB', 1, 1, '2023-04-28 12:19:53', 0, '2023-04-28 12:19:53', 0),
(22, 2, NULL, 12, 'resources', 'Add/edit resources (files/images) for this survey', 'Resources', 'Add/edit resources (files/images) for this survey', '', 'remix', '', '', 'updatesurveylocalesettings', 'editLocalSettings_main_view', '/admin/survey/subview/accordion/_resources_panel', '', 'surveylocale', 'read', '{\"render\": { \"link\": {\"data\": {\"surveyid\": [\"survey\",\"sid\"]}}}}', 'tabResourceManagement', 'en-GB', 0, 1, '2023-04-28 12:19:53', 0, '2023-04-28 12:19:53', 0),
(23, 2, NULL, 13, 'plugins', 'Simple plugin settings', 'Simple plugins', 'Edit simple plugin settings', '', 'remix', '', '', 'updatesurveylocalesettings', 'editLocalSettings_main_view', '/admin/survey/subview/accordion/_plugins_panel', '', 'surveysettings', 'read', '{\"render\": {\"link\": {\"data\": {\"surveyid\": [\"survey\",\"sid\"]}}}}', 'pluginTabSurvey', 'en-GB', 0, 1, '2023-04-28 12:19:53', 0, '2023-04-28 12:19:53', 0),
(24, 3, NULL, 1, 'activateSurvey', 'Activate survey', 'Activate survey', 'Activate survey', 'ri-play-fill', 'remix', '', 'surveyAdministration/activate', '', '', '', '', 'surveyactivation', 'update', '{\"render\": {\"isActive\": false, \"link\": {\"data\": {\"iSurveyID\": [\"survey\",\"sid\"]}}}}', '', 'en-GB', 1, 1, '2023-04-28 12:19:53', 0, '2023-04-28 12:19:53', 0),
(25, 3, NULL, 2, 'deactivateSurvey', 'Stop survey', 'Stop survey', 'Stop this survey', 'ri-stop-fill', 'remix', '', 'surveyAdministration/deactivate', '', '', '', '', 'surveyactivation', 'update', '{\"render\": {\"isActive\": true, \"link\": {\"data\": {\"surveyid\": [\"survey\",\"sid\"]}}}}', '', 'en-GB', 1, 1, '2023-04-28 12:19:53', 0, '2023-04-28 12:19:53', 0),
(26, 3, NULL, 3, 'testSurvey', 'Go to survey', 'Go to survey', 'Go to survey', 'ri-settings-5-fill', 'remix', '', 'survey/index/', '', '', '', '', '', '', '{\"render\": {\"link\": {\"external\": true, \"data\": {\"sid\": [\"survey\",\"sid\"], \"newtest\": \"Y\", \"lang\": [\"survey\",\"language\"]}}}}', '', 'en-GB', 1, 1, '2023-04-28 12:19:53', 0, '2023-04-28 12:19:53', 0),
(27, 3, NULL, 4, 'surveyLogicFile', 'Survey logic file', 'Survey logic file', 'Survey logic file', 'ri-git-branch-fill', 'remix', '', 'admin/expressions/sa/survey_logic_file/', '', '', '', '', 'surveycontent', 'read', '{\"render\": { \"link\": {\"data\": {\"sid\": [\"survey\",\"sid\"]}}}}', '', 'en-GB', 1, 1, '2023-04-28 12:19:53', 0, '2023-04-28 12:19:53', 0),
(28, 3, NULL, 5, 'cpdb', 'Central participant database', 'Central participant database', 'Central participant database', 'ri-group-fill', 'remix', '', 'admin/participants/sa/displayParticipants', '', '', '', '', 'tokens', 'read', '{\"render\": {\"link\": {}}}', '', 'en-GB', 1, 1, '2023-04-28 12:19:53', 0, '2023-04-28 12:19:53', 0);

--
-- Dumping data for table `lime_surveys`
--

INSERT INTO `lime_surveys` (`sid`, `owner_id`, `gsid`, `admin`, `active`, `expires`, `startdate`, `adminemail`, `anonymized`, `format`, `savetimings`, `template`, `language`, `additional_languages`, `datestamp`, `usecookie`, `allowregister`, `allowsave`, `autonumber_start`, `autoredirect`, `allowprev`, `printanswers`, `ipaddr`, `ipanonymize`, `refurl`, `datecreated`, `showsurveypolicynotice`, `publicstatistics`, `publicgraphs`, `listpublic`, `htmlemail`, `sendconfirmation`, `tokenanswerspersistence`, `assessments`, `usecaptcha`, `usetokens`, `bounce_email`, `attributedescriptions`, `emailresponseto`, `emailnotificationto`, `tokenlength`, `showxquestions`, `showgroupinfo`, `shownoanswer`, `showqnumcode`, `bouncetime`, `bounceprocessing`, `bounceaccounttype`, `bounceaccounthost`, `bounceaccountpass`, `bounceaccountencryption`, `bounceaccountuser`, `showwelcome`, `showprogress`, `questionindex`, `navigationdelay`, `nokeyboard`, `alloweditaftercompletion`, `googleanalyticsstyle`, `googleanalyticsapikey`, `tokenencryptionoptions`) VALUES
(369829, 1, 1, 'inherit', 'N', NULL, NULL, 'inherit', 'N', 'I', 'I', 'inherit', 'en', '', 'I', 'I', 'I', 'I', 0, 'I', 'I', 'I', 'I', 'I', 'I', '2023-04-28 12:23:08', 0, 'I', 'I', 'I', 'I', 'I', 'I', 'I', 'E', 'N', 'inherit', NULL, 'inherit', 'inherit', -1, 'I', 'I', 'I', 'I', NULL, 'N', NULL, NULL, NULL, NULL, NULL, 'I', 'I', -1, -1, 'I', 'I', NULL, NULL, ''),
(841748, 1, 1, 'inherit', 'Y', '2032-05-31 17:00:00', '2023-05-09 16:00:00', 'inherit', 'N', 'I', 'N', 'inherit', 'en', '', 'N', 'I', 'I', 'I', 0, 'I', 'I', 'I', 'N', 'N', 'N', '2023-05-08 14:06:10', 0, 'I', 'I', 'I', 'I', 'I', 'I', 'I', 'E', 'N', 'inherit', NULL, 'inherit', 'inherit', -1, 'I', 'I', 'I', 'I', NULL, 'N', NULL, NULL, NULL, NULL, NULL, 'I', 'I', -1, -1, 'I', 'I', '', '', '{ \"enabled\":\"Y\",\"columns\":{ \"firstname\":\"N\",\"lastname\":\"N\",\"email\":\"N\" } }'),
(947781, 1, 1, 'inherit', 'N', NULL, NULL, 'inherit', 'N', 'I', 'I', 'inherit', 'en', '', 'I', 'I', 'I', 'I', 0, 'I', 'I', 'I', 'I', 'I', 'I', '2023-05-10 14:42:39', 0, 'I', 'I', 'I', 'I', 'I', 'I', 'I', 'E', 'N', 'inherit', NULL, 'inherit', 'inherit', -1, 'I', 'I', 'I', 'I', NULL, 'N', NULL, NULL, NULL, NULL, NULL, 'I', 'I', -1, -1, 'I', 'I', NULL, NULL, ''),
(282638, 1, 1, 'inherit', 'N', NULL, NULL, 'inherit', 'N', 'I', 'I', 'inherit', 'en', '', 'I', 'I', 'I', 'I', 0, 'I', 'I', 'I', 'I', 'I', 'I', '2023-05-12 14:05:12', 0, 'I', 'I', 'I', 'I', 'I', 'I', 'I', 'E', 'N', 'inherit', NULL, 'inherit', 'inherit', -1, 'I', 'I', 'I', 'I', NULL, 'N', NULL, NULL, NULL, NULL, NULL, 'I', 'I', -1, -1, 'I', 'I', NULL, NULL, ''),
(127873, 1, 1, 'inherit', 'N', NULL, NULL, 'inherit', 'N', 'I', 'I', 'inherit', 'en', '', 'I', 'I', 'I', 'I', 0, 'I', 'I', 'I', 'I', 'I', 'I', '2023-06-19 14:27:13', 0, 'I', 'I', 'I', 'I', 'I', 'I', 'I', 'E', 'N', 'inherit', NULL, 'inherit', 'inherit', -1, 'I', 'I', 'I', 'I', NULL, 'N', NULL, NULL, NULL, NULL, NULL, 'I', 'I', -1, -1, 'I', 'I', NULL, NULL, ''),
(232684, 1, 1, 'inherit', 'N', NULL, NULL, 'inherit', 'N', 'I', 'I', 'inherit', 'en', '', 'I', 'I', 'I', 'I', 0, 'I', 'I', 'I', 'I', 'I', 'I', '2023-06-19 14:27:44', 0, 'I', 'I', 'I', 'I', 'I', 'I', 'I', 'E', 'N', 'inherit', NULL, 'inherit', 'inherit', -1, 'I', 'I', 'I', 'I', NULL, 'N', NULL, NULL, NULL, NULL, NULL, 'I', 'I', -1, -1, 'I', 'I', NULL, NULL, '{ \"enabled\":\"Y\",\"columns\":{ \"firstname\":\"N\",\"lastname\":\"N\",\"email\":\"N\" } }'),
(124686, 1, 1, 'inherit', 'Y', NULL, NULL, 'inherit', 'N', 'I', 'N', 'inherit', 'en', '', 'N', 'I', 'I', 'I', 0, 'I', 'I', 'I', 'N', 'N', 'N', '2023-06-19 14:29:51', 0, 'I', 'I', 'I', 'I', 'I', 'I', 'I', 'E', 'N', 'inherit', NULL, 'inherit', 'inherit', -1, 'I', 'I', 'I', 'I', NULL, 'N', NULL, NULL, NULL, NULL, NULL, 'I', 'I', -1, -1, 'I', 'I', NULL, NULL, ''),
(841736, 1, 1, 'inherit', 'Y', NULL, NULL, 'inherit', 'N', 'I', 'N', 'inherit', 'en', '', 'N', 'I', 'I', 'I', 0, 'I', 'I', 'I', 'N', 'N', 'N', '2023-06-19 14:30:09', 0, 'I', 'I', 'I', 'I', 'I', 'I', 'I', 'E', 'N', 'inherit', NULL, 'inherit', 'inherit', -1, 'I', 'I', 'I', 'I', NULL, 'N', NULL, NULL, NULL, NULL, NULL, 'I', 'I', -1, -1, 'I', 'I', NULL, NULL, '{ \"enabled\":\"Y\",\"columns\":{ \"firstname\":\"N\",\"lastname\":\"N\",\"email\":\"N\" } }'),
(177311, 1, 1, 'inherit', 'N', NULL, NULL, 'inherit', 'N', 'I', 'N', 'inherit', 'en', '', 'N', 'I', 'I', 'I', 2, 'I', 'I', 'I', 'N', 'N', 'N', '2023-06-20 12:15:27', 0, 'I', 'I', 'I', 'I', 'I', 'I', 'I', 'E', 'N', 'inherit', NULL, 'inherit', 'inherit', -1, 'I', 'I', 'I', 'I', NULL, 'N', NULL, NULL, NULL, NULL, NULL, 'I', 'I', -1, -1, 'I', 'I', NULL, NULL, '{ \"enabled\":\"Y\",\"columns\":{ \"firstname\":\"N\",\"lastname\":\"N\",\"email\":\"N\" } }'),
(942815, 1, 2, 'inherit', 'N', '2033-06-21 14:08:00', '2023-06-21 14:08:00', 'inherit', 'N', 'I', 'I', 'inherit', 'en', 'hr', 'I', 'I', 'I', 'I', 0, 'I', 'I', 'I', 'I', 'I', 'I', '2023-06-21 12:05:39', 0, 'I', 'I', 'Y', 'I', 'I', 'I', 'I', 'E', 'N', 'inherit', NULL, 'notify.me.detail@test.ing', 'notify.me@test.ing', -1, 'I', 'I', 'I', 'I', NULL, 'N', NULL, NULL, NULL, NULL, NULL, 'I', 'I', -1, -1, 'I', 'I', '0', '', ''),
(148569, 1, 1, 'inherit', 'N', '2033-06-21 14:08:00', '2023-06-21 14:08:00', 'inherit', 'N', 'I', 'I', 'inherit', 'en', 'hr', 'I', 'I', 'I', 'I', 0, 'I', 'I', 'I', 'I', 'I', 'I', '2023-06-22 12:09:58', 0, 'I', 'I', 'Y', 'I', 'I', 'I', 'I', 'E', 'N', 'inherit', NULL, 'notify.me.detail@test.ing', 'notify.me@test.ing', -1, 'I', 'I', 'I', 'I', NULL, 'N', NULL, NULL, NULL, NULL, NULL, 'I', 'I', -1, -1, 'I', 'I', '0', '', ''),
(691384, 1, 2, 'inherit', 'N', '2033-06-21 14:08:00', '2023-06-21 14:08:00', 'inherit', 'N', 'I', 'I', 'inherit', 'en', 'hr', 'I', 'I', 'I', 'I', 0, 'I', 'Y', 'I', 'I', 'I', 'I', '2023-06-29 13:23:35', 0, 'I', 'I', 'Y', 'I', 'I', 'I', 'I', 'E', 'N', 'inherit', NULL, 'notify.me.detail@test.ing', 'notify.me@test.ing', -1, 'I', 'I', 'I', 'I', NULL, 'N', NULL, NULL, NULL, NULL, NULL, 'I', 'I', -1, -1, 'I', 'I', '0', '', ''),
(571743, 1, 2, 'inherit', 'N', '2033-06-21 14:08:00', '2023-06-21 14:08:00', 'inherit', 'N', 'I', 'I', 'inherit', 'en', 'hr', 'I', 'I', 'I', 'I', 0, 'I', 'Y', 'I', 'I', 'I', 'I', '2023-07-12 11:33:19', 1, 'I', 'I', 'Y', 'I', 'I', 'I', 'I', 'E', 'N', 'inherit', NULL, 'notify.me.detail@test.ing', 'notify.me@test.ing', -1, 'I', 'I', 'I', 'I', NULL, 'N', NULL, NULL, NULL, NULL, NULL, 'I', 'I', -1, -1, 'I', 'I', '0', '', ''),
(219315, 1, 1, 'inherit', 'N', '2033-06-21 14:08:00', '2023-06-21 14:08:00', 'inherit', 'N', 'I', 'I', 'inherit', 'en', 'hr', 'I', 'I', 'I', 'I', 0, 'I', 'I', 'I', 'I', 'I', 'I', '2023-08-02 13:10:01', 0, 'I', 'I', 'Y', 'I', 'I', 'I', 'I', 'E', 'N', 'inherit', NULL, 'notify.me.detail@test.ing', 'notify.me@test.ing', -1, 'I', 'I', 'I', 'I', NULL, 'N', NULL, NULL, NULL, NULL, NULL, 'I', 'I', -1, -1, 'I', 'I', '0', '', ''),
(582481, 1, 1, 'inherit', 'N', '2033-06-21 14:08:00', '2023-06-21 14:08:00', 'inherit', 'N', 'I', 'I', 'inherit', 'en', 'hr', 'I', 'I', 'I', 'I', 0, 'I', 'I', 'I', 'I', 'I', 'I', '2023-08-02 13:20:50', 0, 'I', 'I', 'Y', 'I', 'I', 'I', 'I', 'E', 'N', 'inherit', NULL, 'notify.me.detail@test.ing', 'notify.me@test.ing', -1, 'I', 'I', 'I', 'I', NULL, 'N', NULL, NULL, NULL, NULL, NULL, 'I', 'I', -1, -1, 'I', 'I', '0', '', ''),
(278371, 1, 1, 'inherit', 'N', '2033-06-21 14:08:00', '2023-06-21 14:08:00', 'inherit', 'N', 'I', 'I', 'inherit', 'en', 'hr', 'I', 'I', 'I', 'I', 0, 'I', 'I', 'I', 'I', 'I', 'I', '2023-08-02 13:22:40', 0, 'I', 'I', 'Y', 'I', 'I', 'I', 'I', 'E', 'N', 'inherit', NULL, 'notify.me.detail@test.ing', 'notify.me@test.ing', -1, 'I', 'I', 'I', 'I', NULL, 'N', NULL, NULL, NULL, NULL, NULL, 'I', 'I', -1, -1, 'I', 'I', '0', '', ''),
(422915, 1, 1, 'inherit', 'N', '2033-06-21 14:08:00', '2023-06-21 14:08:00', 'inherit', 'N', 'I', 'I', 'inherit', 'en', 'hr', 'I', 'I', 'I', 'I', 0, 'I', 'I', 'I', 'I', 'I', 'I', '2023-08-02 13:24:02', 0, 'I', 'I', 'Y', 'I', 'I', 'I', 'I', 'E', 'N', 'inherit', NULL, 'notify.me.detail@test.ing', 'notify.me@test.ing', -1, 'I', 'I', 'I', 'I', NULL, 'N', NULL, NULL, NULL, NULL, NULL, 'I', 'I', -1, -1, 'I', 'I', '0', '', ''),
(951785, 1, 1, 'inherit', 'N', NULL, NULL, 'inherit', 'N', 'I', 'I', 'inherit', 'en', '', 'I', 'I', 'I', 'I', 0, 'I', 'I', 'I', 'I', 'I', 'I', '2023-08-15 14:54:03', 0, 'I', 'I', 'I', 'I', 'I', 'I', 'I', 'E', 'N', 'inherit', NULL, 'inherit', 'inherit', -1, 'I', 'I', 'I', 'I', NULL, 'N', NULL, NULL, NULL, NULL, NULL, 'I', 'I', -1, -1, 'I', 'I', NULL, NULL, ''),
(348447, 1, 1, 'inherit', 'N', NULL, NULL, 'inherit', 'N', 'I', 'I', 'inherit', 'en', '', 'I', 'I', 'I', 'I', 0, 'I', 'I', 'I', 'I', 'I', 'I', '2023-08-15 14:54:27', 0, 'I', 'I', 'I', 'I', 'I', 'I', 'I', 'E', 'N', 'inherit', NULL, 'inherit', 'inherit', -1, 'I', 'I', 'I', 'I', NULL, 'N', NULL, NULL, NULL, NULL, NULL, 'I', 'I', -1, -1, 'I', 'I', NULL, NULL, ''),
(857644, 1, 1, 'inherit', 'N', NULL, NULL, 'inherit', 'N', 'I', 'I', 'inherit', 'en', '', 'I', 'I', 'I', 'I', 0, 'I', 'I', 'I', 'I', 'I', 'I', '2023-08-15 14:54:44', 0, 'I', 'I', 'I', 'I', 'I', 'I', 'I', 'E', 'N', 'inherit', NULL, 'inherit', 'inherit', -1, 'I', 'I', 'I', 'I', NULL, 'N', NULL, NULL, NULL, NULL, NULL, 'I', 'I', -1, -1, 'I', 'I', NULL, NULL, ''),
(954472, 1, 1, 'inherit', 'N', NULL, NULL, 'inherit', 'N', 'I', 'I', 'inherit', 'en', '', 'I', 'I', 'I', 'I', 0, 'I', 'I', 'I', 'I', 'I', 'I', '2023-09-25 14:26:12', 0, 'I', 'I', 'I', 'I', 'I', 'I', 'I', 'E', 'N', 'inherit', NULL, 'inherit', 'inherit', -1, 'I', 'I', 'I', 'I', NULL, 'N', NULL, NULL, NULL, NULL, NULL, 'I', 'I', -1, -1, 'I', 'I', NULL, NULL, ''),
(241194, 1, 1, 'inherit', 'N', NULL, NULL, 'inherit', 'N', 'I', 'I', 'inherit', 'en', 'de', 'I', 'I', 'I', 'I', 0, 'I', 'I', 'I', 'I', 'I', 'I', '2023-11-16 13:32:52', 0, 'I', 'I', 'I', 'I', 'I', 'I', 'I', 'E', 'N', 'inherit', NULL, 'inherit', 'inherit', -1, 'I', 'I', 'I', 'I', NULL, 'N', NULL, NULL, NULL, NULL, NULL, 'I', 'I', -1, -1, 'I', 'I', NULL, NULL, ''),
(158868, 1, 1, 'inherit', 'N', NULL, NULL, 'inherit', 'N', 'I', 'I', 'inherit', 'en', 'de', 'I', 'I', 'I', 'I', 0, 'I', 'I', 'I', 'I', 'I', 'I', '2023-11-16 13:37:01', 0, 'I', 'I', 'I', 'I', 'I', 'I', 'I', 'E', 'N', 'inherit', NULL, 'inherit', 'inherit', -1, 'I', 'I', 'I', 'I', NULL, 'N', NULL, NULL, NULL, NULL, NULL, 'I', 'I', -1, -1, 'I', 'I', NULL, NULL, ''),
(229791, 1, 1, 'inherit', 'N', NULL, NULL, 'inherit', 'N', 'I', 'I', 'inherit', 'en', 'de', 'I', 'I', 'I', 'I', 0, 'I', 'I', 'I', 'I', 'I', 'I', '2023-11-21 14:01:39', 0, 'I', 'I', 'I', 'I', 'I', 'I', 'I', 'E', 'N', 'inherit', NULL, 'inherit', 'inherit', -1, 'I', 'I', 'I', 'I', NULL, 'N', NULL, NULL, NULL, NULL, NULL, 'I', 'I', -1, -1, 'I', 'I', NULL, NULL, ''),
(145252, 1, 1, 'inherit', 'N', NULL, NULL, 'inherit', 'N', 'I', 'I', 'inherit', 'en', 'de', 'I', 'I', 'I', 'I', 0, 'I', 'I', 'I', 'I', 'I', 'I', '2023-11-21 14:02:15', 0, 'I', 'I', 'I', 'I', 'I', 'I', 'I', 'E', 'N', 'inherit', NULL, 'inherit', 'inherit', -1, 'I', 'I', 'I', 'I', NULL, 'N', NULL, NULL, NULL, NULL, NULL, 'I', 'I', -1, -1, 'I', 'I', NULL, NULL, '');

--
-- Dumping data for table `lime_surveys_groups`
--

INSERT INTO `lime_surveys_groups` (`gsid`, `name`, `title`, `template`, `description`, `sortorder`, `owner_id`, `parent_id`, `alwaysavailable`, `created`, `modified`, `created_by`) VALUES
(1, 'default', 'Default', NULL, 'Default survey group', 0, 1, NULL, NULL, '2023-04-28 12:19:53', '2023-04-28 12:19:53', 1),
(2, 'SG02', 'Survey settings', 'default', 'All surveys needed for survey settings tests', 2, 1, NULL, 0, '2023-06-26 14:57:53', NULL, 1);

--
-- Dumping data for table `lime_surveys_groupsettings`
--

INSERT INTO `lime_surveys_groupsettings` (`gsid`, `owner_id`, `admin`, `adminemail`, `anonymized`, `format`, `savetimings`, `template`, `datestamp`, `usecookie`, `allowregister`, `allowsave`, `autonumber_start`, `autoredirect`, `allowprev`, `printanswers`, `ipaddr`, `ipanonymize`, `refurl`, `showsurveypolicynotice`, `publicstatistics`, `publicgraphs`, `listpublic`, `htmlemail`, `sendconfirmation`, `tokenanswerspersistence`, `assessments`, `usecaptcha`, `bounce_email`, `attributedescriptions`, `emailresponseto`, `emailnotificationto`, `tokenlength`, `showxquestions`, `showgroupinfo`, `shownoanswer`, `showqnumcode`, `showwelcome`, `showprogress`, `questionindex`, `navigationdelay`, `nokeyboard`, `alloweditaftercompletion`) VALUES
(0, 1, 'Administrator', 'your-email@example.net', 'N', 'G', 'N', 'fruity_twentythree', 'N', 'N', 'N', 'Y', 0, 'N', 'N', 'N', 'N', 'N', 'N', 0, 'N', 'N', 'N', 'Y', 'Y', 'N', 'N', 'N', '', NULL, NULL, NULL, 15, 'Y', 'B', 'Y', 'X', 'Y', 'Y', 0, 0, 'N', 'N'),
(1, -1, 'inherit', 'inherit', 'I', 'I', 'I', 'inherit', 'I', 'I', 'I', 'I', 0, 'I', 'I', 'I', 'I', 'I', 'I', 0, 'I', 'I', 'I', 'I', 'I', 'I', 'I', 'E', 'inherit', NULL, 'inherit', 'inherit', -1, 'I', 'I', 'I', 'I', 'I', 'I', -1, -1, 'I', 'I'),
(2, -1, 'inherit', 'inherit', 'I', 'I', 'I', 'inherit', 'I', 'I', 'I', 'I', 0, 'I', 'I', 'I', 'I', 'I', 'I', 0, 'I', 'I', 'I', 'I', 'I', 'I', 'I', 'E', 'inherit', NULL, 'inherit', 'inherit', -1, 'I', 'I', 'I', 'I', 'I', 'I', -1, -1, 'I', 'I');

--
-- Dumping data for table `lime_surveys_languagesettings`
--

INSERT INTO `lime_surveys_languagesettings` (`surveyls_survey_id`, `surveyls_language`, `surveyls_title`, `surveyls_description`, `surveyls_welcometext`, `surveyls_endtext`, `surveyls_policy_notice`, `surveyls_policy_error`, `surveyls_policy_notice_label`, `surveyls_url`, `surveyls_urldescription`, `surveyls_email_invite_subj`, `surveyls_email_invite`, `surveyls_email_remind_subj`, `surveyls_email_remind`, `surveyls_email_register_subj`, `surveyls_email_register`, `surveyls_email_confirm_subj`, `surveyls_email_confirm`, `surveyls_dateformat`, `surveyls_attributecaptions`, `surveyls_alias`, `email_admin_notification_subj`, `email_admin_notification`, `email_admin_responses_subj`, `email_admin_responses`, `surveyls_numberformat`, `attachments`) VALUES
(369829, 'en', 'Simple survey', '', '', '', '', NULL, '', '', '', 'Invitation to participate in a survey', 'Dear {FIRSTNAME},<br />\n<br />\nYou have been invited to participate in a survey.<br />\n<br />\nThe survey is titled:<br />\n\"{SURVEYNAME}\"<br />\n<br />\n\"{SURVEYDESCRIPTION}\"<br />\n<br />\nTo participate, please click on the link below.<br />\n<br />\nSincerely,<br />\n<br />\n{ADMINNAME} ({ADMINEMAIL})<br />\n<br />\n----------------------------------------------<br />\nClick here to do the survey:<br />\n{SURVEYURL}<br />\n<br />\nIf you do not want to participate in this survey and don\'t want to receive any more invitations please click the following link:<br />\n{OPTOUTURL}<br />\n<br />\nIf you are blacklisted but want to participate in this survey and want to receive invitations please click the following link:<br />\n{OPTINURL}', 'Reminder to participate in a survey', 'Dear {FIRSTNAME},<br />\n<br />\nRecently we invited you to participate in a survey.<br />\n<br />\nWe note that you have not yet completed the survey, and wish to remind you that the survey is still available should you wish to take part.<br />\n<br />\nThe survey is titled:<br />\n\"{SURVEYNAME}\"<br />\n<br />\n\"{SURVEYDESCRIPTION}\"<br />\n<br />\nTo participate, please click on the link below.<br />\n<br />\nSincerely,<br />\n<br />\n{ADMINNAME} ({ADMINEMAIL})<br />\n<br />\n----------------------------------------------<br />\nClick here to do the survey:<br />\n{SURVEYURL}<br />\n<br />\nIf you do not want to participate in this survey and don\'t want to receive any more invitations please click the following link:<br />\n{OPTOUTURL}', 'Survey registration confirmation', 'Dear {FIRSTNAME},<br />\n<br />\nYou, or someone using your email address, have registered to participate in an online survey titled {SURVEYNAME}.<br />\n<br />\nTo complete this survey, click on the following URL:<br />\n<br />\n{SURVEYURL}<br />\n<br />\nIf you have any questions about this survey, or if you did not register to participate and believe this email is in error, please contact {ADMINNAME} at {ADMINEMAIL}.', 'Confirmation of your participation in our survey', 'Dear {FIRSTNAME},<br />\n<br />\nThis email is to confirm that you have completed the survey titled {SURVEYNAME} and your response has been saved. Thank you for participating.<br />\n<br />\nIf you have any further questions about this email, please contact {ADMINNAME} on {ADMINEMAIL}.<br />\n<br />\nSincerely,<br />\n<br />\n{ADMINNAME}', 9, NULL, NULL, 'Response submission for survey {SURVEYNAME}', 'Hello,<br />\n<br />\nA new response was submitted for your survey \'{SURVEYNAME}\'.<br />\n<br />\nClick the following link to see the individual response:<br />\n{VIEWRESPONSEURL}<br />\n<br />\nClick the following link to edit the individual response:<br />\n{EDITRESPONSEURL}<br />\n<br />\nView statistics by clicking here:<br />\n{STATISTICSURL}', 'Response submission for survey {SURVEYNAME} with results', 'Hello,<br />\n<br />\nA new response was submitted for your survey \'{SURVEYNAME}\'.<br />\n<br />\nClick the following link to see the individual response:<br />\n{VIEWRESPONSEURL}<br />\n<br />\nClick the following link to edit the individual response:<br />\n{EDITRESPONSEURL}<br />\n<br />\nView statistics by clicking here:<br />\n{STATISTICSURL}<br />\n<br />\n<br />\nThe following answers were given by the participant:<br />\n{ANSWERTABLE}', 0, NULL),
(841748, 'en', 'Colors', '', '', '', '', NULL, '', '', '', 'Invitation to participate in a survey', 'Dear {FIRSTNAME},<br />\n<br />\nYou have been invited to participate in a survey.<br />\n<br />\nThe survey is titled:<br />\n\"{SURVEYNAME}\"<br />\n<br />\n\"{SURVEYDESCRIPTION}\"<br />\n<br />\nTo participate, please click on the link below.<br />\n<br />\nSincerely,<br />\n<br />\n{ADMINNAME} ({ADMINEMAIL})<br />\n<br />\n----------------------------------------------<br />\nClick here to do the survey:<br />\n{SURVEYURL}<br />\n<br />\nIf you do not want to participate in this survey and don\'t want to receive any more invitations please click the following link:<br />\n{OPTOUTURL}<br />\n<br />\nIf you are blacklisted but want to participate in this survey and want to receive invitations please click the following link:<br />\n{OPTINURL}', 'Reminder to participate in a survey', 'Dear {FIRSTNAME},<br />\n<br />\nRecently we invited you to participate in a survey.<br />\n<br />\nWe note that you have not yet completed the survey, and wish to remind you that the survey is still available should you wish to take part.<br />\n<br />\nThe survey is titled:<br />\n\"{SURVEYNAME}\"<br />\n<br />\n\"{SURVEYDESCRIPTION}\"<br />\n<br />\nTo participate, please click on the link below.<br />\n<br />\nSincerely,<br />\n<br />\n{ADMINNAME} ({ADMINEMAIL})<br />\n<br />\n----------------------------------------------<br />\nClick here to do the survey:<br />\n{SURVEYURL}<br />\n<br />\nIf you do not want to participate in this survey and don\'t want to receive any more invitations please click the following link:<br />\n{OPTOUTURL}', 'Survey registration confirmation', 'Dear {FIRSTNAME},<br />\n<br />\nYou, or someone using your email address, have registered to participate in an online survey titled {SURVEYNAME}.<br />\n<br />\nTo complete this survey, click on the following URL:<br />\n<br />\n{SURVEYURL}<br />\n<br />\nIf you have any questions about this survey, or if you did not register to participate and believe this email is in error, please contact {ADMINNAME} at {ADMINEMAIL}.', 'Confirmation of your participation in our survey', 'Dear {FIRSTNAME},<br />\n<br />\nThis email is to confirm that you have completed the survey titled {SURVEYNAME} and your response has been saved. Thank you for participating.<br />\n<br />\nIf you have any further questions about this email, please contact {ADMINNAME} on {ADMINEMAIL}.<br />\n<br />\nSincerely,<br />\n<br />\n{ADMINNAME}', 9, NULL, NULL, 'Response submission for survey {SURVEYNAME}', 'Hello,<br />\n<br />\nA new response was submitted for your survey \'{SURVEYNAME}\'.<br />\n<br />\nClick the following link to see the individual response:<br />\n{VIEWRESPONSEURL}<br />\n<br />\nClick the following link to edit the individual response:<br />\n{EDITRESPONSEURL}<br />\n<br />\nView statistics by clicking here:<br />\n{STATISTICSURL}', 'Response submission for survey {SURVEYNAME} with results', 'Hello,<br />\n<br />\nA new response was submitted for your survey \'{SURVEYNAME}\'.<br />\n<br />\nClick the following link to see the individual response:<br />\n{VIEWRESPONSEURL}<br />\n<br />\nClick the following link to edit the individual response:<br />\n{EDITRESPONSEURL}<br />\n<br />\nView statistics by clicking here:<br />\n{STATISTICSURL}<br />\n<br />\n<br />\nThe following answers were given by the participant:<br />\n{ANSWERTABLE}', 0, NULL),
(947781, 'en', 'Reorder survey', '', '', '', '', NULL, '', '', '', 'Invitation to participate in a survey', 'Dear {FIRSTNAME},<br />\n<br />\nYou have been invited to participate in a survey.<br />\n<br />\nThe survey is titled:<br />\n\"{SURVEYNAME}\"<br />\n<br />\n\"{SURVEYDESCRIPTION}\"<br />\n<br />\nTo participate, please click on the link below.<br />\n<br />\nSincerely,<br />\n<br />\n{ADMINNAME} ({ADMINEMAIL})<br />\n<br />\n----------------------------------------------<br />\nClick here to do the survey:<br />\n{SURVEYURL}<br />\n<br />\nIf you do not want to participate in this survey and don\'t want to receive any more invitations please click the following link:<br />\n{OPTOUTURL}<br />\n<br />\nIf you are blacklisted but want to participate in this survey and want to receive invitations please click the following link:<br />\n{OPTINURL}', 'Reminder to participate in a survey', 'Dear {FIRSTNAME},<br />\n<br />\nRecently we invited you to participate in a survey.<br />\n<br />\nWe note that you have not yet completed the survey, and wish to remind you that the survey is still available should you wish to take part.<br />\n<br />\nThe survey is titled:<br />\n\"{SURVEYNAME}\"<br />\n<br />\n\"{SURVEYDESCRIPTION}\"<br />\n<br />\nTo participate, please click on the link below.<br />\n<br />\nSincerely,<br />\n<br />\n{ADMINNAME} ({ADMINEMAIL})<br />\n<br />\n----------------------------------------------<br />\nClick here to do the survey:<br />\n{SURVEYURL}<br />\n<br />\nIf you do not want to participate in this survey and don\'t want to receive any more invitations please click the following link:<br />\n{OPTOUTURL}', 'Survey registration confirmation', 'Dear {FIRSTNAME},<br />\n<br />\nYou, or someone using your email address, have registered to participate in an online survey titled {SURVEYNAME}.<br />\n<br />\nTo complete this survey, click on the following URL:<br />\n<br />\n{SURVEYURL}<br />\n<br />\nIf you have any questions about this survey, or if you did not register to participate and believe this email is in error, please contact {ADMINNAME} at {ADMINEMAIL}.', 'Confirmation of your participation in our survey', 'Dear {FIRSTNAME},<br />\n<br />\nThis email is to confirm that you have completed the survey titled {SURVEYNAME} and your response has been saved. Thank you for participating.<br />\n<br />\nIf you have any further questions about this email, please contact {ADMINNAME} on {ADMINEMAIL}.<br />\n<br />\nSincerely,<br />\n<br />\n{ADMINNAME}', 9, NULL, NULL, 'Response submission for survey {SURVEYNAME}', 'Hello,<br />\n<br />\nA new response was submitted for your survey \'{SURVEYNAME}\'.<br />\n<br />\nClick the following link to see the individual response:<br />\n{VIEWRESPONSEURL}<br />\n<br />\nClick the following link to edit the individual response:<br />\n{EDITRESPONSEURL}<br />\n<br />\nView statistics by clicking here:<br />\n{STATISTICSURL}', 'Response submission for survey {SURVEYNAME} with results', 'Hello,<br />\n<br />\nA new response was submitted for your survey \'{SURVEYNAME}\'.<br />\n<br />\nClick the following link to see the individual response:<br />\n{VIEWRESPONSEURL}<br />\n<br />\nClick the following link to edit the individual response:<br />\n{EDITRESPONSEURL}<br />\n<br />\nView statistics by clicking here:<br />\n{STATISTICSURL}<br />\n<br />\n<br />\nThe following answers were given by the participant:<br />\n{ANSWERTABLE}', 0, NULL),
(282638, 'en', 'Drag and drop', '', '', '', '', NULL, '', '', '', 'Invitation to participate in a survey', 'Dear {FIRSTNAME},<br />\n<br />\nYou have been invited to participate in a survey.<br />\n<br />\nThe survey is titled:<br />\n\"{SURVEYNAME}\"<br />\n<br />\n\"{SURVEYDESCRIPTION}\"<br />\n<br />\nTo participate, please click on the link below.<br />\n<br />\nSincerely,<br />\n<br />\n{ADMINNAME} ({ADMINEMAIL})<br />\n<br />\n----------------------------------------------<br />\nClick here to do the survey:<br />\n{SURVEYURL}<br />\n<br />\nIf you do not want to participate in this survey and don\'t want to receive any more invitations please click the following link:<br />\n{OPTOUTURL}<br />\n<br />\nIf you are blacklisted but want to participate in this survey and want to receive invitations please click the following link:<br />\n{OPTINURL}', 'Reminder to participate in a survey', 'Dear {FIRSTNAME},<br />\n<br />\nRecently we invited you to participate in a survey.<br />\n<br />\nWe note that you have not yet completed the survey, and wish to remind you that the survey is still available should you wish to take part.<br />\n<br />\nThe survey is titled:<br />\n\"{SURVEYNAME}\"<br />\n<br />\n\"{SURVEYDESCRIPTION}\"<br />\n<br />\nTo participate, please click on the link below.<br />\n<br />\nSincerely,<br />\n<br />\n{ADMINNAME} ({ADMINEMAIL})<br />\n<br />\n----------------------------------------------<br />\nClick here to do the survey:<br />\n{SURVEYURL}<br />\n<br />\nIf you do not want to participate in this survey and don\'t want to receive any more invitations please click the following link:<br />\n{OPTOUTURL}', 'Survey registration confirmation', 'Dear {FIRSTNAME},<br />\n<br />\nYou, or someone using your email address, have registered to participate in an online survey titled {SURVEYNAME}.<br />\n<br />\nTo complete this survey, click on the following URL:<br />\n<br />\n{SURVEYURL}<br />\n<br />\nIf you have any questions about this survey, or if you did not register to participate and believe this email is in error, please contact {ADMINNAME} at {ADMINEMAIL}.', 'Confirmation of your participation in our survey', 'Dear {FIRSTNAME},<br />\n<br />\nThis email is to confirm that you have completed the survey titled {SURVEYNAME} and your response has been saved. Thank you for participating.<br />\n<br />\nIf you have any further questions about this email, please contact {ADMINNAME} on {ADMINEMAIL}.<br />\n<br />\nSincerely,<br />\n<br />\n{ADMINNAME}', 9, NULL, NULL, 'Response submission for survey {SURVEYNAME}', 'Hello,<br />\n<br />\nA new response was submitted for your survey \'{SURVEYNAME}\'.<br />\n<br />\nClick the following link to see the individual response:<br />\n{VIEWRESPONSEURL}<br />\n<br />\nClick the following link to edit the individual response:<br />\n{EDITRESPONSEURL}<br />\n<br />\nView statistics by clicking here:<br />\n{STATISTICSURL}', 'Response submission for survey {SURVEYNAME} with results', 'Hello,<br />\n<br />\nA new response was submitted for your survey \'{SURVEYNAME}\'.<br />\n<br />\nClick the following link to see the individual response:<br />\n{VIEWRESPONSEURL}<br />\n<br />\nClick the following link to edit the individual response:<br />\n{EDITRESPONSEURL}<br />\n<br />\nView statistics by clicking here:<br />\n{STATISTICSURL}<br />\n<br />\n<br />\nThe following answers were given by the participant:<br />\n{ANSWERTABLE}', 0, NULL),
(127873, 'en', 'Activate open access survey', '', '', '', '', NULL, '', '', '', 'Invitation to participate in a survey', 'Dear {FIRSTNAME},<br />\n<br />\nYou have been invited to participate in a survey.<br />\n<br />\nThe survey is titled:<br />\n\"{SURVEYNAME}\"<br />\n<br />\n\"{SURVEYDESCRIPTION}\"<br />\n<br />\nTo participate, please click on the link below.<br />\n<br />\nSincerely,<br />\n<br />\n{ADMINNAME} ({ADMINEMAIL})<br />\n<br />\n----------------------------------------------<br />\nClick here to do the survey:<br />\n{SURVEYURL}<br />\n<br />\nIf you do not want to participate in this survey and don\'t want to receive any more invitations please click the following link:<br />\n{OPTOUTURL}<br />\n<br />\nIf you are blacklisted but want to participate in this survey and want to receive invitations please click the following link:<br />\n{OPTINURL}', 'Reminder to participate in a survey', 'Dear {FIRSTNAME},<br />\n<br />\nRecently we invited you to participate in a survey.<br />\n<br />\nWe note that you have not yet completed the survey, and wish to remind you that the survey is still available should you wish to take part.<br />\n<br />\nThe survey is titled:<br />\n\"{SURVEYNAME}\"<br />\n<br />\n\"{SURVEYDESCRIPTION}\"<br />\n<br />\nTo participate, please click on the link below.<br />\n<br />\nSincerely,<br />\n<br />\n{ADMINNAME} ({ADMINEMAIL})<br />\n<br />\n----------------------------------------------<br />\nClick here to do the survey:<br />\n{SURVEYURL}<br />\n<br />\nIf you do not want to participate in this survey and don\'t want to receive any more invitations please click the following link:<br />\n{OPTOUTURL}', 'Survey registration confirmation', 'Dear {FIRSTNAME},<br />\n<br />\nYou, or someone using your email address, have registered to participate in an online survey titled {SURVEYNAME}.<br />\n<br />\nTo complete this survey, click on the following URL:<br />\n<br />\n{SURVEYURL}<br />\n<br />\nIf you have any questions about this survey, or if you did not register to participate and believe this email is in error, please contact {ADMINNAME} at {ADMINEMAIL}.', 'Confirmation of your participation in our survey', 'Dear {FIRSTNAME},<br />\n<br />\nThis email is to confirm that you have completed the survey titled {SURVEYNAME} and your response has been saved. Thank you for participating.<br />\n<br />\nIf you have any further questions about this email, please contact {ADMINNAME} on {ADMINEMAIL}.<br />\n<br />\nSincerely,<br />\n<br />\n{ADMINNAME}', 9, NULL, NULL, 'Response submission for survey {SURVEYNAME}', 'Hello,<br />\n<br />\nA new response was submitted for your survey \'{SURVEYNAME}\'.<br />\n<br />\nClick the following link to see the individual response:<br />\n{VIEWRESPONSEURL}<br />\n<br />\nClick the following link to edit the individual response:<br />\n{EDITRESPONSEURL}<br />\n<br />\nView statistics by clicking here:<br />\n{STATISTICSURL}', 'Response submission for survey {SURVEYNAME} with results', 'Hello,<br />\n<br />\nA new response was submitted for your survey \'{SURVEYNAME}\'.<br />\n<br />\nClick the following link to see the individual response:<br />\n{VIEWRESPONSEURL}<br />\n<br />\nClick the following link to edit the individual response:<br />\n{EDITRESPONSEURL}<br />\n<br />\nView statistics by clicking here:<br />\n{STATISTICSURL}<br />\n<br />\n<br />\nThe following answers were given by the participant:<br />\n{ANSWERTABLE}', 0, NULL),
(232684, 'en', 'Activate closed access survey', '', '', '', '', NULL, '', '', '', 'Invitation to participate in a survey', 'Dear {FIRSTNAME},<br />\n<br />\nYou have been invited to participate in a survey.<br />\n<br />\nThe survey is titled:<br />\n\"{SURVEYNAME}\"<br />\n<br />\n\"{SURVEYDESCRIPTION}\"<br />\n<br />\nTo participate, please click on the link below.<br />\n<br />\nSincerely,<br />\n<br />\n{ADMINNAME} ({ADMINEMAIL})<br />\n<br />\n----------------------------------------------<br />\nClick here to do the survey:<br />\n{SURVEYURL}<br />\n<br />\nIf you do not want to participate in this survey and don\'t want to receive any more invitations please click the following link:<br />\n{OPTOUTURL}<br />\n<br />\nIf you are blacklisted but want to participate in this survey and want to receive invitations please click the following link:<br />\n{OPTINURL}', 'Reminder to participate in a survey', 'Dear {FIRSTNAME},<br />\n<br />\nRecently we invited you to participate in a survey.<br />\n<br />\nWe note that you have not yet completed the survey, and wish to remind you that the survey is still available should you wish to take part.<br />\n<br />\nThe survey is titled:<br />\n\"{SURVEYNAME}\"<br />\n<br />\n\"{SURVEYDESCRIPTION}\"<br />\n<br />\nTo participate, please click on the link below.<br />\n<br />\nSincerely,<br />\n<br />\n{ADMINNAME} ({ADMINEMAIL})<br />\n<br />\n----------------------------------------------<br />\nClick here to do the survey:<br />\n{SURVEYURL}<br />\n<br />\nIf you do not want to participate in this survey and don\'t want to receive any more invitations please click the following link:<br />\n{OPTOUTURL}', 'Survey registration confirmation', 'Dear {FIRSTNAME},<br />\n<br />\nYou, or someone using your email address, have registered to participate in an online survey titled {SURVEYNAME}.<br />\n<br />\nTo complete this survey, click on the following URL:<br />\n<br />\n{SURVEYURL}<br />\n<br />\nIf you have any questions about this survey, or if you did not register to participate and believe this email is in error, please contact {ADMINNAME} at {ADMINEMAIL}.', 'Confirmation of your participation in our survey', 'Dear {FIRSTNAME},<br />\n<br />\nThis email is to confirm that you have completed the survey titled {SURVEYNAME} and your response has been saved. Thank you for participating.<br />\n<br />\nIf you have any further questions about this email, please contact {ADMINNAME} on {ADMINEMAIL}.<br />\n<br />\nSincerely,<br />\n<br />\n{ADMINNAME}', 9, NULL, NULL, 'Response submission for survey {SURVEYNAME}', 'Hello,<br />\n<br />\nA new response was submitted for your survey \'{SURVEYNAME}\'.<br />\n<br />\nClick the following link to see the individual response:<br />\n{VIEWRESPONSEURL}<br />\n<br />\nClick the following link to edit the individual response:<br />\n{EDITRESPONSEURL}<br />\n<br />\nView statistics by clicking here:<br />\n{STATISTICSURL}', 'Response submission for survey {SURVEYNAME} with results', 'Hello,<br />\n<br />\nA new response was submitted for your survey \'{SURVEYNAME}\'.<br />\n<br />\nClick the following link to see the individual response:<br />\n{VIEWRESPONSEURL}<br />\n<br />\nClick the following link to edit the individual response:<br />\n{EDITRESPONSEURL}<br />\n<br />\nView statistics by clicking here:<br />\n{STATISTICSURL}<br />\n<br />\n<br />\nThe following answers were given by the participant:<br />\n{ANSWERTABLE}', 0, NULL),
(124686, 'en', 'Deactivate open access survey', '', '', '', '', NULL, '', '', '', 'Invitation to participate in a survey', 'Dear {FIRSTNAME},<br />\n<br />\nYou have been invited to participate in a survey.<br />\n<br />\nThe survey is titled:<br />\n\"{SURVEYNAME}\"<br />\n<br />\n\"{SURVEYDESCRIPTION}\"<br />\n<br />\nTo participate, please click on the link below.<br />\n<br />\nSincerely,<br />\n<br />\n{ADMINNAME} ({ADMINEMAIL})<br />\n<br />\n----------------------------------------------<br />\nClick here to do the survey:<br />\n{SURVEYURL}<br />\n<br />\nIf you do not want to participate in this survey and don\'t want to receive any more invitations please click the following link:<br />\n{OPTOUTURL}<br />\n<br />\nIf you are blacklisted but want to participate in this survey and want to receive invitations please click the following link:<br />\n{OPTINURL}', 'Reminder to participate in a survey', 'Dear {FIRSTNAME},<br />\n<br />\nRecently we invited you to participate in a survey.<br />\n<br />\nWe note that you have not yet completed the survey, and wish to remind you that the survey is still available should you wish to take part.<br />\n<br />\nThe survey is titled:<br />\n\"{SURVEYNAME}\"<br />\n<br />\n\"{SURVEYDESCRIPTION}\"<br />\n<br />\nTo participate, please click on the link below.<br />\n<br />\nSincerely,<br />\n<br />\n{ADMINNAME} ({ADMINEMAIL})<br />\n<br />\n----------------------------------------------<br />\nClick here to do the survey:<br />\n{SURVEYURL}<br />\n<br />\nIf you do not want to participate in this survey and don\'t want to receive any more invitations please click the following link:<br />\n{OPTOUTURL}', 'Survey registration confirmation', 'Dear {FIRSTNAME},<br />\n<br />\nYou, or someone using your email address, have registered to participate in an online survey titled {SURVEYNAME}.<br />\n<br />\nTo complete this survey, click on the following URL:<br />\n<br />\n{SURVEYURL}<br />\n<br />\nIf you have any questions about this survey, or if you did not register to participate and believe this email is in error, please contact {ADMINNAME} at {ADMINEMAIL}.', 'Confirmation of your participation in our survey', 'Dear {FIRSTNAME},<br />\n<br />\nThis email is to confirm that you have completed the survey titled {SURVEYNAME} and your response has been saved. Thank you for participating.<br />\n<br />\nIf you have any further questions about this email, please contact {ADMINNAME} on {ADMINEMAIL}.<br />\n<br />\nSincerely,<br />\n<br />\n{ADMINNAME}', 9, NULL, NULL, 'Response submission for survey {SURVEYNAME}', 'Hello,<br />\n<br />\nA new response was submitted for your survey \'{SURVEYNAME}\'.<br />\n<br />\nClick the following link to see the individual response:<br />\n{VIEWRESPONSEURL}<br />\n<br />\nClick the following link to edit the individual response:<br />\n{EDITRESPONSEURL}<br />\n<br />\nView statistics by clicking here:<br />\n{STATISTICSURL}', 'Response submission for survey {SURVEYNAME} with results', 'Hello,<br />\n<br />\nA new response was submitted for your survey \'{SURVEYNAME}\'.<br />\n<br />\nClick the following link to see the individual response:<br />\n{VIEWRESPONSEURL}<br />\n<br />\nClick the following link to edit the individual response:<br />\n{EDITRESPONSEURL}<br />\n<br />\nView statistics by clicking here:<br />\n{STATISTICSURL}<br />\n<br />\n<br />\nThe following answers were given by the participant:<br />\n{ANSWERTABLE}', 0, NULL),
(841736, 'en', 'Deactivate closed access survey', '', '', '', '', NULL, '', '', '', 'Invitation to participate in a survey', 'Dear {FIRSTNAME},<br />\n<br />\nYou have been invited to participate in a survey.<br />\n<br />\nThe survey is titled:<br />\n\"{SURVEYNAME}\"<br />\n<br />\n\"{SURVEYDESCRIPTION}\"<br />\n<br />\nTo participate, please click on the link below.<br />\n<br />\nSincerely,<br />\n<br />\n{ADMINNAME} ({ADMINEMAIL})<br />\n<br />\n----------------------------------------------<br />\nClick here to do the survey:<br />\n{SURVEYURL}<br />\n<br />\nIf you do not want to participate in this survey and don\'t want to receive any more invitations please click the following link:<br />\n{OPTOUTURL}<br />\n<br />\nIf you are blacklisted but want to participate in this survey and want to receive invitations please click the following link:<br />\n{OPTINURL}', 'Reminder to participate in a survey', 'Dear {FIRSTNAME},<br />\n<br />\nRecently we invited you to participate in a survey.<br />\n<br />\nWe note that you have not yet completed the survey, and wish to remind you that the survey is still available should you wish to take part.<br />\n<br />\nThe survey is titled:<br />\n\"{SURVEYNAME}\"<br />\n<br />\n\"{SURVEYDESCRIPTION}\"<br />\n<br />\nTo participate, please click on the link below.<br />\n<br />\nSincerely,<br />\n<br />\n{ADMINNAME} ({ADMINEMAIL})<br />\n<br />\n----------------------------------------------<br />\nClick here to do the survey:<br />\n{SURVEYURL}<br />\n<br />\nIf you do not want to participate in this survey and don\'t want to receive any more invitations please click the following link:<br />\n{OPTOUTURL}', 'Survey registration confirmation', 'Dear {FIRSTNAME},<br />\n<br />\nYou, or someone using your email address, have registered to participate in an online survey titled {SURVEYNAME}.<br />\n<br />\nTo complete this survey, click on the following URL:<br />\n<br />\n{SURVEYURL}<br />\n<br />\nIf you have any questions about this survey, or if you did not register to participate and believe this email is in error, please contact {ADMINNAME} at {ADMINEMAIL}.', 'Confirmation of your participation in our survey', 'Dear {FIRSTNAME},<br />\n<br />\nThis email is to confirm that you have completed the survey titled {SURVEYNAME} and your response has been saved. Thank you for participating.<br />\n<br />\nIf you have any further questions about this email, please contact {ADMINNAME} on {ADMINEMAIL}.<br />\n<br />\nSincerely,<br />\n<br />\n{ADMINNAME}', 9, NULL, NULL, 'Response submission for survey {SURVEYNAME}', 'Hello,<br />\n<br />\nA new response was submitted for your survey \'{SURVEYNAME}\'.<br />\n<br />\nClick the following link to see the individual response:<br />\n{VIEWRESPONSEURL}<br />\n<br />\nClick the following link to edit the individual response:<br />\n{EDITRESPONSEURL}<br />\n<br />\nView statistics by clicking here:<br />\n{STATISTICSURL}', 'Response submission for survey {SURVEYNAME} with results', 'Hello,<br />\n<br />\nA new response was submitted for your survey \'{SURVEYNAME}\'.<br />\n<br />\nClick the following link to see the individual response:<br />\n{VIEWRESPONSEURL}<br />\n<br />\nClick the following link to edit the individual response:<br />\n{EDITRESPONSEURL}<br />\n<br />\nView statistics by clicking here:<br />\n{STATISTICSURL}<br />\n<br />\n<br />\nThe following answers were given by the participant:<br />\n{ANSWERTABLE}', 0, NULL),
(177311, 'en', 'Closed deactivated survey', '', '', '', '', NULL, '', '', '', 'Invitation to participate in a survey', 'Dear {FIRSTNAME},<br />\n<br />\nYou have been invited to participate in a survey.<br />\n<br />\nThe survey is titled:<br />\n\"{SURVEYNAME}\"<br />\n<br />\n\"{SURVEYDESCRIPTION}\"<br />\n<br />\nTo participate, please click on the link below.<br />\n<br />\nSincerely,<br />\n<br />\n{ADMINNAME} ({ADMINEMAIL})<br />\n<br />\n----------------------------------------------<br />\nClick here to do the survey:<br />\n{SURVEYURL}<br />\n<br />\nIf you do not want to participate in this survey and don\'t want to receive any more invitations please click the following link:<br />\n{OPTOUTURL}<br />\n<br />\nIf you are blacklisted but want to participate in this survey and want to receive invitations please click the following link:<br />\n{OPTINURL}', 'Reminder to participate in a survey', 'Dear {FIRSTNAME},<br />\n<br />\nRecently we invited you to participate in a survey.<br />\n<br />\nWe note that you have not yet completed the survey, and wish to remind you that the survey is still available should you wish to take part.<br />\n<br />\nThe survey is titled:<br />\n\"{SURVEYNAME}\"<br />\n<br />\n\"{SURVEYDESCRIPTION}\"<br />\n<br />\nTo participate, please click on the link below.<br />\n<br />\nSincerely,<br />\n<br />\n{ADMINNAME} ({ADMINEMAIL})<br />\n<br />\n----------------------------------------------<br />\nClick here to do the survey:<br />\n{SURVEYURL}<br />\n<br />\nIf you do not want to participate in this survey and don\'t want to receive any more invitations please click the following link:<br />\n{OPTOUTURL}', 'Survey registration confirmation', 'Dear {FIRSTNAME},<br />\n<br />\nYou, or someone using your email address, have registered to participate in an online survey titled {SURVEYNAME}.<br />\n<br />\nTo complete this survey, click on the following URL:<br />\n<br />\n{SURVEYURL}<br />\n<br />\nIf you have any questions about this survey, or if you did not register to participate and believe this email is in error, please contact {ADMINNAME} at {ADMINEMAIL}.', 'Confirmation of your participation in our survey', 'Dear {FIRSTNAME},<br />\n<br />\nThis email is to confirm that you have completed the survey titled {SURVEYNAME} and your response has been saved. Thank you for participating.<br />\n<br />\nIf you have any further questions about this email, please contact {ADMINNAME} on {ADMINEMAIL}.<br />\n<br />\nSincerely,<br />\n<br />\n{ADMINNAME}', 9, NULL, NULL, 'Response submission for survey {SURVEYNAME}', 'Hello,<br />\n<br />\nA new response was submitted for your survey \'{SURVEYNAME}\'.<br />\n<br />\nClick the following link to see the individual response:<br />\n{VIEWRESPONSEURL}<br />\n<br />\nClick the following link to edit the individual response:<br />\n{EDITRESPONSEURL}<br />\n<br />\nView statistics by clicking here:<br />\n{STATISTICSURL}', 'Response submission for survey {SURVEYNAME} with results', 'Hello,<br />\n<br />\nA new response was submitted for your survey \'{SURVEYNAME}\'.<br />\n<br />\nClick the following link to see the individual response:<br />\n{VIEWRESPONSEURL}<br />\n<br />\nClick the following link to edit the individual response:<br />\n{EDITRESPONSEURL}<br />\n<br />\nView statistics by clicking here:<br />\n{STATISTICSURL}<br />\n<br />\n<br />\nThe following answers were given by the participant:<br />\n{ANSWERTABLE}', 0, NULL),
(942815, 'en', 'Survey Overview', 'Lorem ipsum dolor sit amet, consectetur adipiscing elit. Nam eleifend risus in felis euismod pellentesque. Nam at pretium nisi. Nunc odio eros, euismod a diam non, interdum cursus sem. Quisque vitae sagittis tellus. Morbi accumsan quis neque eu condimentum.', 'Curabitur non facilisis nulla. Phasellus ac efficitur ipsum. Praesent in consequat risus, eget imperdiet risus. Aliquam erat volutpat. Sed ac turpis ac mi convallis pharetra at ut lacus. Nullam imperdiet, ipsum a pulvinar auctor, lorem odio accumsan erat, non commodo nibh urna quis diam. Proin venenatis convallis tellus in sagittis.', 'Aliquam luctus, tellus non ullamcorper aliquet, felis metus eleifend nunc, et sollicitudin libero mi at lectus. Donec interdum lacinia nunc, eget hendrerit risus condimentum vitae. Etiam efficitur dictum sapien, ac ornare lacus porta sit amet.', '', NULL, '', 'http://www.limesurvey.org', '', 'Invitation to participate in a survey', 'Dear {FIRSTNAME},<br />\n<br />\nYou have been invited to participate in a survey.<br />\n<br />\nThe survey is titled:<br />\n\"{SURVEYNAME}\"<br />\n<br />\n\"{SURVEYDESCRIPTION}\"<br />\n<br />\nTo participate, please click on the link below.<br />\n<br />\nSincerely,<br />\n<br />\n{ADMINNAME} ({ADMINEMAIL})<br />\n<br />\n----------------------------------------------<br />\nClick here to do the survey:<br />\n{SURVEYURL}<br />\n<br />\nIf you do not want to participate in this survey and don\'t want to receive any more invitations please click the following link:<br />\n{OPTOUTURL}<br />\n<br />\nIf you are blacklisted but want to participate in this survey and want to receive invitations please click the following link:<br />\n{OPTINURL}', 'Reminder to participate in a survey', 'Dear {FIRSTNAME},<br />\n<br />\nRecently we invited you to participate in a survey.<br />\n<br />\nWe note that you have not yet completed the survey, and wish to remind you that the survey is still available should you wish to take part.<br />\n<br />\nThe survey is titled:<br />\n\"{SURVEYNAME}\"<br />\n<br />\n\"{SURVEYDESCRIPTION}\"<br />\n<br />\nTo participate, please click on the link below.<br />\n<br />\nSincerely,<br />\n<br />\n{ADMINNAME} ({ADMINEMAIL})<br />\n<br />\n----------------------------------------------<br />\nClick here to do the survey:<br />\n{SURVEYURL}<br />\n<br />\nIf you do not want to participate in this survey and don\'t want to receive any more invitations please click the following link:<br />\n{OPTOUTURL}', 'Survey registration confirmation', 'Dear {FIRSTNAME},<br />\n<br />\nYou, or someone using your email address, have registered to participate in an online survey titled {SURVEYNAME}.<br />\n<br />\nTo complete this survey, click on the following URL:<br />\n<br />\n{SURVEYURL}<br />\n<br />\nIf you have any questions about this survey, or if you did not register to participate and believe this email is in error, please contact {ADMINNAME} at {ADMINEMAIL}.', 'Confirmation of your participation in our survey', 'Dear {FIRSTNAME},<br />\n<br />\nThis email is to confirm that you have completed the survey titled {SURVEYNAME} and your response has been saved. Thank you for participating.<br />\n<br />\nIf you have any further questions about this email, please contact {ADMINNAME} on {ADMINEMAIL}.<br />\n<br />\nSincerely,<br />\n<br />\n{ADMINNAME}', 9, NULL, '', 'Response submission for survey {SURVEYNAME}', 'Hello,<br />\n<br />\nA new response was submitted for your survey \'{SURVEYNAME}\'.<br />\n<br />\nClick the following link to see the individual response:<br />\n{VIEWRESPONSEURL}<br />\n<br />\nClick the following link to edit the individual response:<br />\n{EDITRESPONSEURL}<br />\n<br />\nView statistics by clicking here:<br />\n{STATISTICSURL}', 'Response submission for survey {SURVEYNAME} with results', 'Hello,<br />\n<br />\nA new response was submitted for your survey \'{SURVEYNAME}\'.<br />\n<br />\nClick the following link to see the individual response:<br />\n{VIEWRESPONSEURL}<br />\n<br />\nClick the following link to edit the individual response:<br />\n{EDITRESPONSEURL}<br />\n<br />\nView statistics by clicking here:<br />\n{STATISTICSURL}<br />\n<br />\n<br />\nThe following answers were given by the participant:<br />\n{ANSWERTABLE}', 0, NULL),
(942815, 'hr', '', NULL, NULL, NULL, NULL, NULL, NULL, NULL, NULL, 'Pozivnica za sudjelovanje u upitniku', 'Potovani/a {FIRSTNAME}!<br />\n<br />\nPozvani ste na sudjelovanje u anketi.<br />\n<br />\nNaziv ankete glasi:<br />\n{SURVEYNAME}<br />\n<br />\n{SURVEYDESCRIPTION}<br />\n<br />\nDa biste sudjelovali, kliknite poveznicu u nastavku.<br />\n<br />\nSrdaan pozdrav!<br />\n<br />\n{ADMINNAME} ({ADMINEMAIL})<br />\n<br />\n----------------------------------------------<br />\nKliknite ovdje za sudjelovanje u anketi:<br />\n{SURVEYURL}<br />\n<br />\nAko ne elite sudjelovati u ovom upitniku i ne elite vie primati pozivnice, kliknite sljedeu vezu: <br />\n{OPTOUTURL}<br />\n<br />\nAko ste na crnoj listi, ali elite sudjelovati u ovom upitniku i elite primati pozivnice, kliknite sljedeu vezu: <br />\n{OPTINURL}', 'Podsjetnik za sudjelovanje u upitniku', 'Potovani/a,<br />\n<br />\nnedavno sam Vas pozvao da sudjelujete u istraivanju putem upitnika, no naalost do danas upitnik niste ispunili.<br />\n<br />\nOvom prilikom elim Vas podsjetiti da je upitnik jo uvijek dostupan u sluaju da kanite sudjelovati u istraivanju.<br />\n<br />\nNaziv upitnika:\"{SURVEYNAME}\"<br />\n\"{SURVEYDESCRIPTION}\"<br />\nZa sudjelovanje molim kliknete na navedeni URL (ili ga kopirajte u web preglednik):<br />\n{SURVEYURL}<br />\n<br />\nLijep pozdrav,<br />\n{ADMINNAME} <br />\n({ADMINEMAIL})<br />\n<br />\nAko ne elite sudjelovati u ovom upitniku i ne elite vie primati pozivnice, kliknite sljedeu vezu: <br />\n{OPTOUTURL}', 'Potvrda o registraciji za sudjelovanje u upitniku', 'Potovani(a) {FIRSTNAME},<br />\n<br />\nVi, ili netko drugi koristei vau e-mail adresu, prijavio se za sudjelovanje u online upitniku {SURVEYNAME}.<br />\n<br />\nZa popunjavanje upitnika kliknite na navedeni URL (ili ga kopirajte u web preglednik):<br />\n{SURVEYURL}<br />\n<br />\nU sluaju da se niste prijavili za sudjelovanje ili imate druga pitanja o ovom upitniku, molimo da kontaktirate vlasnika upitnika ({ADMINNAME}) na e-mail {ADMINEMAIL}.', 'Potvrda vaeg sudjelovanja u naem upitniku', 'Pozdrav, {FIRSTNAME}!<br />\n<br />\nOvom porukom e-pote potvrujemo da ste dovrili anketu pod nazivom {SURVEYNAME} i da je va odgovor spremljen. Hvala na sudjelovanju.<br />\n<br />\nAko imate dodatna pitanja o ovoj poruci e-pote, obratite se {ADMINNAME} na {ADMINEMAIL}.<br />\n<br />\nSrdaan pozdrav!<br />\n<br />\n {ADMINNAME}', 4, NULL, NULL, 'Podnoenje odgovora za upitnik {SURVEYNAME}', 'Pozdrav, <br />\n <br />\nZa va upitnik \'{SURVEYNAME}\' poslan je novi pojedinani odgovor.<br />\n <br />\nKliknite na sljedeu poveznicu da biste vidjeli pojedinani odgovor: <br />\n{VIEWRESPONSEURL}<br />\n <br />\nKliknite na sljedeu poveznicu da biste uredili pojedinani odgovor: <br />\n{EDITRESPONSEURL}<br />\n <br />\nKliknite na sljedeu poveznicu da biste vidjeli statistiku: <br />\n{STATISTICSURL}', 'Podnoenje odgovora za upitnik {SURVEYNAME} sa rezultatima', 'Pozdrav, <br />\n <br />\n Novi odgovor je poslan za vau upitnik \\ \'{SURVEYNAME} \\ <br />\n <br />\n Kliknite na sljedeu poveznicu kako biste vidjeli pojedinani odgovor: <br />\n {VIEWRESPONSEURL} <br />\n <br />\n Kliknite na sljedeu poveznicu kako biste uredili pojedinani odgovor: <br />\n { EDITRESPONSEURL} <br />\n <br />\n Pogledajte statistiku klikom ovdje: <br />\n {STATISTICSURL} <br />\n <br />\n <br />\nIspitanik je dao slijedee odgovore: <br />\n {ANSWERTABLE}', 0, NULL),
(148569, 'en', 'Survey General', 'Lorem ipsum dolor sit amet, consectetur adipiscing elit. Nam eleifend risus in felis euismod pellentesque. Nam at pretium nisi. Nunc odio eros, euismod a diam non, interdum cursus sem. Quisque vitae sagittis tellus. Morbi accumsan quis neque eu condimentum.', 'Curabitur non facilisis nulla. Phasellus ac efficitur ipsum. Praesent in consequat risus, eget imperdiet risus. Aliquam erat volutpat. Sed ac turpis ac mi convallis pharetra at ut lacus. Nullam imperdiet, ipsum a pulvinar auctor, lorem odio accumsan erat, non commodo nibh urna quis diam. Proin venenatis convallis tellus in sagittis.', 'Aliquam luctus, tellus non ullamcorper aliquet, felis metus eleifend nunc, et sollicitudin libero mi at lectus. Donec interdum lacinia nunc, eget hendrerit risus condimentum vitae. Etiam efficitur dictum sapien, ac ornare lacus porta sit amet.', '', NULL, '', 'http://www.limesurvey.org', '', 'Invitation to participate in a survey', 'Dear {FIRSTNAME},<br />\n<br />\nYou have been invited to participate in a survey.<br />\n<br />\nThe survey is titled:<br />\n\"{SURVEYNAME}\"<br />\n<br />\n\"{SURVEYDESCRIPTION}\"<br />\n<br />\nTo participate, please click on the link below.<br />\n<br />\nSincerely,<br />\n<br />\n{ADMINNAME} ({ADMINEMAIL})<br />\n<br />\n----------------------------------------------<br />\nClick here to do the survey:<br />\n{SURVEYURL}<br />\n<br />\nIf you do not want to participate in this survey and don\'t want to receive any more invitations please click the following link:<br />\n{OPTOUTURL}<br />\n<br />\nIf you are blacklisted but want to participate in this survey and want to receive invitations please click the following link:<br />\n{OPTINURL}', 'Reminder to participate in a survey', 'Dear {FIRSTNAME},<br />\n<br />\nRecently we invited you to participate in a survey.<br />\n<br />\nWe note that you have not yet completed the survey, and wish to remind you that the survey is still available should you wish to take part.<br />\n<br />\nThe survey is titled:<br />\n\"{SURVEYNAME}\"<br />\n<br />\n\"{SURVEYDESCRIPTION}\"<br />\n<br />\nTo participate, please click on the link below.<br />\n<br />\nSincerely,<br />\n<br />\n{ADMINNAME} ({ADMINEMAIL})<br />\n<br />\n----------------------------------------------<br />\nClick here to do the survey:<br />\n{SURVEYURL}<br />\n<br />\nIf you do not want to participate in this survey and don\'t want to receive any more invitations please click the following link:<br />\n{OPTOUTURL}', 'Survey registration confirmation', 'Dear {FIRSTNAME},<br />\n<br />\nYou, or someone using your email address, have registered to participate in an online survey titled {SURVEYNAME}.<br />\n<br />\nTo complete this survey, click on the following URL:<br />\n<br />\n{SURVEYURL}<br />\n<br />\nIf you have any questions about this survey, or if you did not register to participate and believe this email is in error, please contact {ADMINNAME} at {ADMINEMAIL}.', 'Confirmation of your participation in our survey', 'Dear {FIRSTNAME},<br />\n<br />\nThis email is to confirm that you have completed the survey titled {SURVEYNAME} and your response has been saved. Thank you for participating.<br />\n<br />\nIf you have any further questions about this email, please contact {ADMINNAME} on {ADMINEMAIL}.<br />\n<br />\nSincerely,<br />\n<br />\n{ADMINNAME}', 9, NULL, '', 'Response submission for survey {SURVEYNAME}', 'Hello,<br />\n<br />\nA new response was submitted for your survey \'{SURVEYNAME}\'.<br />\n<br />\nClick the following link to see the individual response:<br />\n{VIEWRESPONSEURL}<br />\n<br />\nClick the following link to edit the individual response:<br />\n{EDITRESPONSEURL}<br />\n<br />\nView statistics by clicking here:<br />\n{STATISTICSURL}', 'Response submission for survey {SURVEYNAME} with results', 'Hello,<br />\n<br />\nA new response was submitted for your survey \'{SURVEYNAME}\'.<br />\n<br />\nClick the following link to see the individual response:<br />\n{VIEWRESPONSEURL}<br />\n<br />\nClick the following link to edit the individual response:<br />\n{EDITRESPONSEURL}<br />\n<br />\nView statistics by clicking here:<br />\n{STATISTICSURL}<br />\n<br />\n<br />\nThe following answers were given by the participant:<br />\n{ANSWERTABLE}', 0, NULL),
(148569, 'hr', 'Survey General', NULL, NULL, NULL, NULL, NULL, NULL, NULL, NULL, 'Pozivnica za sudjelovanje u upitniku', 'Potovani/a {FIRSTNAME}!<br />\n<br />\nPozvani ste na sudjelovanje u anketi.<br />\n<br />\nNaziv ankete glasi:<br />\n{SURVEYNAME}<br />\n<br />\n{SURVEYDESCRIPTION}<br />\n<br />\nDa biste sudjelovali, kliknite poveznicu u nastavku.<br />\n<br />\nSrdaan pozdrav!<br />\n<br />\n{ADMINNAME} ({ADMINEMAIL})<br />\n<br />\n----------------------------------------------<br />\nKliknite ovdje za sudjelovanje u anketi:<br />\n{SURVEYURL}<br />\n<br />\nAko ne elite sudjelovati u ovom upitniku i ne elite vie primati pozivnice, kliknite sljedeu vezu: <br />\n{OPTOUTURL}<br />\n<br />\nAko ste na crnoj listi, ali elite sudjelovati u ovom upitniku i elite primati pozivnice, kliknite sljedeu vezu: <br />\n{OPTINURL}', 'Podsjetnik za sudjelovanje u upitniku', 'Potovani/a,<br />\n<br />\nnedavno sam Vas pozvao da sudjelujete u istraivanju putem upitnika, no naalost do danas upitnik niste ispunili.<br />\n<br />\nOvom prilikom elim Vas podsjetiti da je upitnik jo uvijek dostupan u sluaju da kanite sudjelovati u istraivanju.<br />\n<br />\nNaziv upitnika:\"{SURVEYNAME}\"<br />\n\"{SURVEYDESCRIPTION}\"<br />\nZa sudjelovanje molim kliknete na navedeni URL (ili ga kopirajte u web preglednik):<br />\n{SURVEYURL}<br />\n<br />\nLijep pozdrav,<br />\n{ADMINNAME} <br />\n({ADMINEMAIL})<br />\n<br />\nAko ne elite sudjelovati u ovom upitniku i ne elite vie primati pozivnice, kliknite sljedeu vezu: <br />\n{OPTOUTURL}', 'Potvrda o registraciji za sudjelovanje u upitniku', 'Potovani(a) {FIRSTNAME},<br />\n<br />\nVi, ili netko drugi koristei vau e-mail adresu, prijavio se za sudjelovanje u online upitniku {SURVEYNAME}.<br />\n<br />\nZa popunjavanje upitnika kliknite na navedeni URL (ili ga kopirajte u web preglednik):<br />\n{SURVEYURL}<br />\n<br />\nU sluaju da se niste prijavili za sudjelovanje ili imate druga pitanja o ovom upitniku, molimo da kontaktirate vlasnika upitnika ({ADMINNAME}) na e-mail {ADMINEMAIL}.', 'Potvrda vaeg sudjelovanja u naem upitniku', 'Pozdrav, {FIRSTNAME}!<br />\n<br />\nOvom porukom e-pote potvrujemo da ste dovrili anketu pod nazivom {SURVEYNAME} i da je va odgovor spremljen. Hvala na sudjelovanju.<br />\n<br />\nAko imate dodatna pitanja o ovoj poruci e-pote, obratite se {ADMINNAME} na {ADMINEMAIL}.<br />\n<br />\nSrdaan pozdrav!<br />\n<br />\n {ADMINNAME}', 4, NULL, NULL, 'Podnoenje odgovora za upitnik {SURVEYNAME}', 'Pozdrav, <br />\n <br />\nZa va upitnik \'{SURVEYNAME}\' poslan je novi pojedinani odgovor.<br />\n <br />\nKliknite na sljedeu poveznicu da biste vidjeli pojedinani odgovor: <br />\n{VIEWRESPONSEURL}<br />\n <br />\nKliknite na sljedeu poveznicu da biste uredili pojedinani odgovor: <br />\n{EDITRESPONSEURL}<br />\n <br />\nKliknite na sljedeu poveznicu da biste vidjeli statistiku: <br />\n{STATISTICSURL}', 'Podnoenje odgovora za upitnik {SURVEYNAME} sa rezultatima', 'Pozdrav, <br />\n <br />\n Novi odgovor je poslan za vau upitnik \\ \'{SURVEYNAME} \\ <br />\n <br />\n Kliknite na sljedeu poveznicu kako biste vidjeli pojedinani odgovor: <br />\n {VIEWRESPONSEURL} <br />\n <br />\n Kliknite na sljedeu poveznicu kako biste uredili pojedinani odgovor: <br />\n { EDITRESPONSEURL} <br />\n <br />\n Pogledajte statistiku klikom ovdje: <br />\n {STATISTICSURL} <br />\n <br />\n <br />\nIspitanik je dao slijedee odgovore: <br />\n {ANSWERTABLE}', 0, NULL);
INSERT INTO `lime_surveys_languagesettings` (`surveyls_survey_id`, `surveyls_language`, `surveyls_title`, `surveyls_description`, `surveyls_welcometext`, `surveyls_endtext`, `surveyls_policy_notice`, `surveyls_policy_error`, `surveyls_policy_notice_label`, `surveyls_url`, `surveyls_urldescription`, `surveyls_email_invite_subj`, `surveyls_email_invite`, `surveyls_email_remind_subj`, `surveyls_email_remind`, `surveyls_email_register_subj`, `surveyls_email_register`, `surveyls_email_confirm_subj`, `surveyls_email_confirm`, `surveyls_dateformat`, `surveyls_attributecaptions`, `surveyls_alias`, `email_admin_notification_subj`, `email_admin_notification`, `email_admin_responses_subj`, `email_admin_responses`, `surveyls_numberformat`, `attachments`) VALUES
(691384, 'en', 'Survey Text Elements', 'Lorem ipsum dolor sit amet, consectetur adipiscing elit. Nam eleifend risus in felis euismod pellentesque. Nam at pretium nisi. Nunc odio eros, euismod a diam non, interdum cursus sem. Quisque vitae sagittis tellus. Morbi accumsan quis neque eu condimentum.', 'Curabitur non facilisis nulla. Phasellus ac efficitur ipsum. Praesent in consequat risus, eget imperdiet risus. Aliquam erat volutpat. Sed ac turpis ac mi convallis pharetra at ut lacus. Nullam imperdiet, ipsum a pulvinar auctor, lorem odio accumsan erat, non commodo nibh urna quis diam. Proin venenatis convallis tellus in sagittis.Survey expires:{EXPIRY}', 'Aliquam luctus, tellus non ullamcorper aliquet, felis metus eleifend nunc, et sollicitudin libero mi at lectus. Donec interdum lacinia nunc, eget hendrerit risus condimentum vitae. Etiam efficitur dictum sapien, ac ornare lacus porta sit amet.', '', NULL, '', 'http://www.limesurvey.org', 'some url description', 'Invitation to participate in a survey', 'Dear {FIRSTNAME},<br />\n<br />\nYou have been invited to participate in a survey.<br />\n<br />\nThe survey is titled:<br />\n\"{SURVEYNAME}\"<br />\n<br />\n\"{SURVEYDESCRIPTION}\"<br />\n<br />\nTo participate, please click on the link below.<br />\n<br />\nSincerely,<br />\n<br />\n{ADMINNAME} ({ADMINEMAIL})<br />\n<br />\n----------------------------------------------<br />\nClick here to do the survey:<br />\n{SURVEYURL}<br />\n<br />\nIf you do not want to participate in this survey and don\'t want to receive any more invitations please click the following link:<br />\n{OPTOUTURL}<br />\n<br />\nIf you are blacklisted but want to participate in this survey and want to receive invitations please click the following link:<br />\n{OPTINURL}', 'Reminder to participate in a survey', 'Dear {FIRSTNAME},<br />\n<br />\nRecently we invited you to participate in a survey.<br />\n<br />\nWe note that you have not yet completed the survey, and wish to remind you that the survey is still available should you wish to take part.<br />\n<br />\nThe survey is titled:<br />\n\"{SURVEYNAME}\"<br />\n<br />\n\"{SURVEYDESCRIPTION}\"<br />\n<br />\nTo participate, please click on the link below.<br />\n<br />\nSincerely,<br />\n<br />\n{ADMINNAME} ({ADMINEMAIL})<br />\n<br />\n----------------------------------------------<br />\nClick here to do the survey:<br />\n{SURVEYURL}<br />\n<br />\nIf you do not want to participate in this survey and don\'t want to receive any more invitations please click the following link:<br />\n{OPTOUTURL}', 'Survey registration confirmation', 'Dear {FIRSTNAME},<br />\n<br />\nYou, or someone using your email address, have registered to participate in an online survey titled {SURVEYNAME}.<br />\n<br />\nTo complete this survey, click on the following URL:<br />\n<br />\n{SURVEYURL}<br />\n<br />\nIf you have any questions about this survey, or if you did not register to participate and believe this email is in error, please contact {ADMINNAME} at {ADMINEMAIL}.', 'Confirmation of your participation in our survey', 'Dear {FIRSTNAME},<br />\n<br />\nThis email is to confirm that you have completed the survey titled {SURVEYNAME} and your response has been saved. Thank you for participating.<br />\n<br />\nIf you have any further questions about this email, please contact {ADMINNAME} on {ADMINEMAIL}.<br />\n<br />\nSincerely,<br />\n<br />\n{ADMINNAME}', 9, NULL, 'alias-en', 'Response submission for survey {SURVEYNAME}', 'Hello,<br />\n<br />\nA new response was submitted for your survey \'{SURVEYNAME}\'.<br />\n<br />\nClick the following link to see the individual response:<br />\n{VIEWRESPONSEURL}<br />\n<br />\nClick the following link to edit the individual response:<br />\n{EDITRESPONSEURL}<br />\n<br />\nView statistics by clicking here:<br />\n{STATISTICSURL}', 'Response submission for survey {SURVEYNAME} with results', 'Hello,<br />\n<br />\nA new response was submitted for your survey \'{SURVEYNAME}\'.<br />\n<br />\nClick the following link to see the individual response:<br />\n{VIEWRESPONSEURL}<br />\n<br />\nClick the following link to edit the individual response:<br />\n{EDITRESPONSEURL}<br />\n<br />\nView statistics by clicking here:<br />\n{STATISTICSURL}<br />\n<br />\n<br />\nThe following answers were given by the participant:<br />\n{ANSWERTABLE}', 0, NULL),
(691384, 'hr', 'Survey Text Elements', '', 'Anketa traje do:{EXPIRY}', '', NULL, NULL, NULL, '', '', 'Pozivnica za sudjelovanje u upitniku', 'Potovani/a {FIRSTNAME}!<br />\n<br />\nPozvani ste na sudjelovanje u anketi.<br />\n<br />\nNaziv ankete glasi:<br />\n{SURVEYNAME}<br />\n<br />\n{SURVEYDESCRIPTION}<br />\n<br />\nDa biste sudjelovali, kliknite poveznicu u nastavku.<br />\n<br />\nSrdaan pozdrav!<br />\n<br />\n{ADMINNAME} ({ADMINEMAIL})<br />\n<br />\n----------------------------------------------<br />\nKliknite ovdje za sudjelovanje u anketi:<br />\n{SURVEYURL}<br />\n<br />\nAko ne elite sudjelovati u ovom upitniku i ne elite vie primati pozivnice, kliknite sljedeu vezu: <br />\n{OPTOUTURL}<br />\n<br />\nAko ste na crnoj listi, ali elite sudjelovati u ovom upitniku i elite primati pozivnice, kliknite sljedeu vezu: <br />\n{OPTINURL}', 'Podsjetnik za sudjelovanje u upitniku', 'Potovani/a,<br />\n<br />\nnedavno sam Vas pozvao da sudjelujete u istraivanju putem upitnika, no naalost do danas upitnik niste ispunili.<br />\n<br />\nOvom prilikom elim Vas podsjetiti da je upitnik jo uvijek dostupan u sluaju da kanite sudjelovati u istraivanju.<br />\n<br />\nNaziv upitnika:\"{SURVEYNAME}\"<br />\n\"{SURVEYDESCRIPTION}\"<br />\nZa sudjelovanje molim kliknete na navedeni URL (ili ga kopirajte u web preglednik):<br />\n{SURVEYURL}<br />\n<br />\nLijep pozdrav,<br />\n{ADMINNAME} <br />\n({ADMINEMAIL})<br />\n<br />\nAko ne elite sudjelovati u ovom upitniku i ne elite vie primati pozivnice, kliknite sljedeu vezu: <br />\n{OPTOUTURL}', 'Potvrda o registraciji za sudjelovanje u upitniku', 'Potovani(a) {FIRSTNAME},<br />\n<br />\nVi, ili netko drugi koristei vau e-mail adresu, prijavio se za sudjelovanje u online upitniku {SURVEYNAME}.<br />\n<br />\nZa popunjavanje upitnika kliknite na navedeni URL (ili ga kopirajte u web preglednik):<br />\n{SURVEYURL}<br />\n<br />\nU sluaju da se niste prijavili za sudjelovanje ili imate druga pitanja o ovom upitniku, molimo da kontaktirate vlasnika upitnika ({ADMINNAME}) na e-mail {ADMINEMAIL}.', 'Potvrda vaeg sudjelovanja u naem upitniku', 'Pozdrav, {FIRSTNAME}!<br />\n<br />\nOvom porukom e-pote potvrujemo da ste dovrili anketu pod nazivom {SURVEYNAME} i da je va odgovor spremljen. Hvala na sudjelovanju.<br />\n<br />\nAko imate dodatna pitanja o ovoj poruci e-pote, obratite se {ADMINNAME} na {ADMINEMAIL}.<br />\n<br />\nSrdaan pozdrav!<br />\n<br />\n {ADMINNAME}', 4, NULL, 'alias-en', 'Podnoenje odgovora za upitnik {SURVEYNAME}', 'Pozdrav, <br />\n <br />\nZa va upitnik \'{SURVEYNAME}\' poslan je novi pojedinani odgovor.<br />\n <br />\nKliknite na sljedeu poveznicu da biste vidjeli pojedinani odgovor: <br />\n{VIEWRESPONSEURL}<br />\n <br />\nKliknite na sljedeu poveznicu da biste uredili pojedinani odgovor: <br />\n{EDITRESPONSEURL}<br />\n <br />\nKliknite na sljedeu poveznicu da biste vidjeli statistiku: <br />\n{STATISTICSURL}', 'Podnoenje odgovora za upitnik {SURVEYNAME} sa rezultatima', 'Pozdrav, <br />\n <br />\n Novi odgovor je poslan za vau upitnik \\ \'{SURVEYNAME} \\ <br />\n <br />\n Kliknite na sljedeu poveznicu kako biste vidjeli pojedinani odgovor: <br />\n {VIEWRESPONSEURL} <br />\n <br />\n Kliknite na sljedeu poveznicu kako biste uredili pojedinani odgovor: <br />\n { EDITRESPONSEURL} <br />\n <br />\n Pogledajte statistiku klikom ovdje: <br />\n {STATISTICSURL} <br />\n <br />\n <br />\nIspitanik je dao slijedee odgovore: <br />\n {ANSWERTABLE}', 0, NULL),
(571743, 'en', 'Survey Privacy Policy', 'Lorem ipsum dolor sit amet, consectetur adipiscing elit. Nam eleifend risus in felis euismod pellentesque. Nam at pretium nisi. Nunc odio eros, euismod a diam non, interdum cursus sem. Quisque vitae sagittis tellus. Morbi accumsan quis neque eu condimentum.', 'Curabitur non facilisis nulla. Phasellus ac efficitur ipsum. Praesent in consequat risus, eget imperdiet risus. Aliquam erat volutpat. Sed ac turpis ac mi convallis pharetra at ut lacus. Nullam imperdiet, ipsum a pulvinar auctor, lorem odio accumsan erat, non commodo nibh urna quis diam. Proin venenatis convallis tellus in sagittis.Survey expires:{EXPIRY}', 'Aliquam luctus, tellus non ullamcorper aliquet, felis metus eleifend nunc, et sollicitudin libero mi at lectus. Donec interdum lacinia nunc, eget hendrerit risus condimentum vitae. Etiam efficitur dictum sapien, ac ornare lacus porta sit amet.', '', '', '', 'http://www.limesurvey.org', 'some url description', 'Invitation to participate in a survey', 'Dear {FIRSTNAME},<br />\n<br />\nYou have been invited to participate in a survey.<br />\n<br />\nThe survey is titled:<br />\n\"{SURVEYNAME}\"<br />\n<br />\n\"{SURVEYDESCRIPTION}\"<br />\n<br />\nTo participate, please click on the link below.<br />\n<br />\nSincerely,<br />\n<br />\n{ADMINNAME} ({ADMINEMAIL})<br />\n<br />\n----------------------------------------------<br />\nClick here to do the survey:<br />\n{SURVEYURL}<br />\n<br />\nIf you do not want to participate in this survey and don\'t want to receive any more invitations please click the following link:<br />\n{OPTOUTURL}<br />\n<br />\nIf you are blacklisted but want to participate in this survey and want to receive invitations please click the following link:<br />\n{OPTINURL}', 'Reminder to participate in a survey', 'Dear {FIRSTNAME},<br />\n<br />\nRecently we invited you to participate in a survey.<br />\n<br />\nWe note that you have not yet completed the survey, and wish to remind you that the survey is still available should you wish to take part.<br />\n<br />\nThe survey is titled:<br />\n\"{SURVEYNAME}\"<br />\n<br />\n\"{SURVEYDESCRIPTION}\"<br />\n<br />\nTo participate, please click on the link below.<br />\n<br />\nSincerely,<br />\n<br />\n{ADMINNAME} ({ADMINEMAIL})<br />\n<br />\n----------------------------------------------<br />\nClick here to do the survey:<br />\n{SURVEYURL}<br />\n<br />\nIf you do not want to participate in this survey and don\'t want to receive any more invitations please click the following link:<br />\n{OPTOUTURL}', 'Survey registration confirmation', 'Dear {FIRSTNAME},<br />\n<br />\nYou, or someone using your email address, have registered to participate in an online survey titled {SURVEYNAME}.<br />\n<br />\nTo complete this survey, click on the following URL:<br />\n<br />\n{SURVEYURL}<br />\n<br />\nIf you have any questions about this survey, or if you did not register to participate and believe this email is in error, please contact {ADMINNAME} at {ADMINEMAIL}.', 'Confirmation of your participation in our survey', 'Dear {FIRSTNAME},<br />\n<br />\nThis email is to confirm that you have completed the survey titled {SURVEYNAME} and your response has been saved. Thank you for participating.<br />\n<br />\nIf you have any further questions about this email, please contact {ADMINNAME} on {ADMINEMAIL}.<br />\n<br />\nSincerely,<br />\n<br />\n{ADMINNAME}', 9, NULL, NULL, 'Response submission for survey {SURVEYNAME}', 'Hello,<br />\n<br />\nA new response was submitted for your survey \'{SURVEYNAME}\'.<br />\n<br />\nClick the following link to see the individual response:<br />\n{VIEWRESPONSEURL}<br />\n<br />\nClick the following link to edit the individual response:<br />\n{EDITRESPONSEURL}<br />\n<br />\nView statistics by clicking here:<br />\n{STATISTICSURL}', 'Response submission for survey {SURVEYNAME} with results', 'Hello,<br />\n<br />\nA new response was submitted for your survey \'{SURVEYNAME}\'.<br />\n<br />\nClick the following link to see the individual response:<br />\n{VIEWRESPONSEURL}<br />\n<br />\nClick the following link to edit the individual response:<br />\n{EDITRESPONSEURL}<br />\n<br />\nView statistics by clicking here:<br />\n{STATISTICSURL}<br />\n<br />\n<br />\nThe following answers were given by the participant:<br />\n{ANSWERTABLE}', 0, NULL),
(571743, 'hr', 'Survey Privacy Policy', '', 'Anketa traje do:{EXPIRY}', '', 'Lorem ipsum dolor sit amet, consectetur adipiscing elit. Donec at rhoncus ex, consequat eleifend ligula. Praesent semper augue non mattis faucibus. Ut vel laoreet nibh. Nam at laoreet leo. Maecenas dignissim mattis odio, id ultrices nulla ultricies ac.', 'Maecenas eros mauris, dictum sit amet dictum quis, interdum a nisi. Suspendisse nec ex placerat, tincidunt ipsum a, facilisis felis. Suspendisse vel odio nec sem gravida vulputate at vitae arcu. Nulla nec gravida est. Morbi hendrerit imperdiet venenatis.', 'CustomPP-Cro', '', '', 'Pozivnica za sudjelovanje u upitniku', 'Potovani/a {FIRSTNAME}!<br />\n<br />\nPozvani ste na sudjelovanje u anketi.<br />\n<br />\nNaziv ankete glasi:<br />\n{SURVEYNAME}<br />\n<br />\n{SURVEYDESCRIPTION}<br />\n<br />\nDa biste sudjelovali, kliknite poveznicu u nastavku.<br />\n<br />\nSrdaan pozdrav!<br />\n<br />\n{ADMINNAME} ({ADMINEMAIL})<br />\n<br />\n----------------------------------------------<br />\nKliknite ovdje za sudjelovanje u anketi:<br />\n{SURVEYURL}<br />\n<br />\nAko ne elite sudjelovati u ovom upitniku i ne elite vie primati pozivnice, kliknite sljedeu vezu: <br />\n{OPTOUTURL}<br />\n<br />\nAko ste na crnoj listi, ali elite sudjelovati u ovom upitniku i elite primati pozivnice, kliknite sljedeu vezu: <br />\n{OPTINURL}', 'Podsjetnik za sudjelovanje u upitniku', 'Potovani/a,<br />\n<br />\nnedavno sam Vas pozvao da sudjelujete u istraivanju putem upitnika, no naalost do danas upitnik niste ispunili.<br />\n<br />\nOvom prilikom elim Vas podsjetiti da je upitnik jo uvijek dostupan u sluaju da kanite sudjelovati u istraivanju.<br />\n<br />\nNaziv upitnika:\"{SURVEYNAME}\"<br />\n\"{SURVEYDESCRIPTION}\"<br />\nZa sudjelovanje molim kliknete na navedeni URL (ili ga kopirajte u web preglednik):<br />\n{SURVEYURL}<br />\n<br />\nLijep pozdrav,<br />\n{ADMINNAME} <br />\n({ADMINEMAIL})<br />\n<br />\nAko ne elite sudjelovati u ovom upitniku i ne elite vie primati pozivnice, kliknite sljedeu vezu: <br />\n{OPTOUTURL}', 'Potvrda o registraciji za sudjelovanje u upitniku', 'Potovani(a) {FIRSTNAME},<br />\n<br />\nVi, ili netko drugi koristei vau e-mail adresu, prijavio se za sudjelovanje u online upitniku {SURVEYNAME}.<br />\n<br />\nZa popunjavanje upitnika kliknite na navedeni URL (ili ga kopirajte u web preglednik):<br />\n{SURVEYURL}<br />\n<br />\nU sluaju da se niste prijavili za sudjelovanje ili imate druga pitanja o ovom upitniku, molimo da kontaktirate vlasnika upitnika ({ADMINNAME}) na e-mail {ADMINEMAIL}.', 'Potvrda vaeg sudjelovanja u naem upitniku', 'Pozdrav, {FIRSTNAME}!<br />\n<br />\nOvom porukom e-pote potvrujemo da ste dovrili anketu pod nazivom {SURVEYNAME} i da je va odgovor spremljen. Hvala na sudjelovanju.<br />\n<br />\nAko imate dodatna pitanja o ovoj poruci e-pote, obratite se {ADMINNAME} na {ADMINEMAIL}.<br />\n<br />\nSrdaan pozdrav!<br />\n<br />\n {ADMINNAME}', 4, NULL, NULL, 'Podnoenje odgovora za upitnik {SURVEYNAME}', 'Pozdrav, <br />\n <br />\nZa va upitnik \'{SURVEYNAME}\' poslan je novi pojedinani odgovor.<br />\n <br />\nKliknite na sljedeu poveznicu da biste vidjeli pojedinani odgovor: <br />\n{VIEWRESPONSEURL}<br />\n <br />\nKliknite na sljedeu poveznicu da biste uredili pojedinani odgovor: <br />\n{EDITRESPONSEURL}<br />\n <br />\nKliknite na sljedeu poveznicu da biste vidjeli statistiku: <br />\n{STATISTICSURL}', 'Podnoenje odgovora za upitnik {SURVEYNAME} sa rezultatima', 'Pozdrav, <br />\n <br />\n Novi odgovor je poslan za vau upitnik \\ \'{SURVEYNAME} \\ <br />\n <br />\n Kliknite na sljedeu poveznicu kako biste vidjeli pojedinani odgovor: <br />\n {VIEWRESPONSEURL} <br />\n <br />\n Kliknite na sljedeu poveznicu kako biste uredili pojedinani odgovor: <br />\n { EDITRESPONSEURL} <br />\n <br />\n Pogledajte statistiku klikom ovdje: <br />\n {STATISTICSURL} <br />\n <br />\n <br />\nIspitanik je dao slijedee odgovore: <br />\n {ANSWERTABLE}', 0, NULL),
(219315, 'en', 'Survey export group', 'Lorem ipsum dolor sit amet, consectetur adipiscing elit. Nam eleifend risus in felis euismod pellentesque. Nam at pretium nisi. Nunc odio eros, euismod a diam non, interdum cursus sem. Quisque vitae sagittis tellus. Morbi accumsan quis neque eu condimentum.', 'Curabitur non facilisis nulla. Phasellus ac efficitur ipsum. Praesent in consequat risus, eget imperdiet risus. Aliquam erat volutpat. Sed ac turpis ac mi convallis pharetra at ut lacus. Nullam imperdiet, ipsum a pulvinar auctor, lorem odio accumsan erat, non commodo nibh urna quis diam. Proin venenatis convallis tellus in sagittis.', 'Aliquam luctus, tellus non ullamcorper aliquet, felis metus eleifend nunc, et sollicitudin libero mi at lectus. Donec interdum lacinia nunc, eget hendrerit risus condimentum vitae. Etiam efficitur dictum sapien, ac ornare lacus porta sit amet.', '', NULL, '', 'http://www.limesurvey.org', '', 'Invitation to participate in a survey', 'Dear {FIRSTNAME},<br />\n<br />\nYou have been invited to participate in a survey.<br />\n<br />\nThe survey is titled:<br />\n\"{SURVEYNAME}\"<br />\n<br />\n\"{SURVEYDESCRIPTION}\"<br />\n<br />\nTo participate, please click on the link below.<br />\n<br />\nSincerely,<br />\n<br />\n{ADMINNAME} ({ADMINEMAIL})<br />\n<br />\n----------------------------------------------<br />\nClick here to do the survey:<br />\n{SURVEYURL}<br />\n<br />\nIf you do not want to participate in this survey and don\'t want to receive any more invitations please click the following link:<br />\n{OPTOUTURL}<br />\n<br />\nIf you are blacklisted but want to participate in this survey and want to receive invitations please click the following link:<br />\n{OPTINURL}', 'Reminder to participate in a survey', 'Dear {FIRSTNAME},<br />\n<br />\nRecently we invited you to participate in a survey.<br />\n<br />\nWe note that you have not yet completed the survey, and wish to remind you that the survey is still available should you wish to take part.<br />\n<br />\nThe survey is titled:<br />\n\"{SURVEYNAME}\"<br />\n<br />\n\"{SURVEYDESCRIPTION}\"<br />\n<br />\nTo participate, please click on the link below.<br />\n<br />\nSincerely,<br />\n<br />\n{ADMINNAME} ({ADMINEMAIL})<br />\n<br />\n----------------------------------------------<br />\nClick here to do the survey:<br />\n{SURVEYURL}<br />\n<br />\nIf you do not want to participate in this survey and don\'t want to receive any more invitations please click the following link:<br />\n{OPTOUTURL}', 'Survey registration confirmation', 'Dear {FIRSTNAME},<br />\n<br />\nYou, or someone using your email address, have registered to participate in an online survey titled {SURVEYNAME}.<br />\n<br />\nTo complete this survey, click on the following URL:<br />\n<br />\n{SURVEYURL}<br />\n<br />\nIf you have any questions about this survey, or if you did not register to participate and believe this email is in error, please contact {ADMINNAME} at {ADMINEMAIL}.', 'Confirmation of your participation in our survey', 'Dear {FIRSTNAME},<br />\n<br />\nThis email is to confirm that you have completed the survey titled {SURVEYNAME} and your response has been saved. Thank you for participating.<br />\n<br />\nIf you have any further questions about this email, please contact {ADMINNAME} on {ADMINEMAIL}.<br />\n<br />\nSincerely,<br />\n<br />\n{ADMINNAME}', 9, NULL, '', 'Response submission for survey {SURVEYNAME}', 'Hello,<br />\n<br />\nA new response was submitted for your survey \'{SURVEYNAME}\'.<br />\n<br />\nClick the following link to see the individual response:<br />\n{VIEWRESPONSEURL}<br />\n<br />\nClick the following link to edit the individual response:<br />\n{EDITRESPONSEURL}<br />\n<br />\nView statistics by clicking here:<br />\n{STATISTICSURL}', 'Response submission for survey {SURVEYNAME} with results', 'Hello,<br />\n<br />\nA new response was submitted for your survey \'{SURVEYNAME}\'.<br />\n<br />\nClick the following link to see the individual response:<br />\n{VIEWRESPONSEURL}<br />\n<br />\nClick the following link to edit the individual response:<br />\n{EDITRESPONSEURL}<br />\n<br />\nView statistics by clicking here:<br />\n{STATISTICSURL}<br />\n<br />\n<br />\nThe following answers were given by the participant:<br />\n{ANSWERTABLE}', 0, NULL),
(219315, 'hr', 'Survey export group', NULL, NULL, NULL, NULL, NULL, NULL, NULL, NULL, 'Pozivnica za sudjelovanje u upitniku', 'Potovani/a {FIRSTNAME}!<br />\n<br />\nPozvani ste na sudjelovanje u anketi.<br />\n<br />\nNaziv ankete glasi:<br />\n{SURVEYNAME}<br />\n<br />\n{SURVEYDESCRIPTION}<br />\n<br />\nDa biste sudjelovali, kliknite poveznicu u nastavku.<br />\n<br />\nSrdaan pozdrav!<br />\n<br />\n{ADMINNAME} ({ADMINEMAIL})<br />\n<br />\n----------------------------------------------<br />\nKliknite ovdje za sudjelovanje u anketi:<br />\n{SURVEYURL}<br />\n<br />\nAko ne elite sudjelovati u ovom upitniku i ne elite vie primati pozivnice, kliknite sljedeu vezu: <br />\n{OPTOUTURL}<br />\n<br />\nAko ste na crnoj listi, ali elite sudjelovati u ovom upitniku i elite primati pozivnice, kliknite sljedeu vezu: <br />\n{OPTINURL}', 'Podsjetnik za sudjelovanje u upitniku', 'Potovani/a,<br />\n<br />\nnedavno sam Vas pozvao da sudjelujete u istraivanju putem upitnika, no naalost do danas upitnik niste ispunili.<br />\n<br />\nOvom prilikom elim Vas podsjetiti da je upitnik jo uvijek dostupan u sluaju da kanite sudjelovati u istraivanju.<br />\n<br />\nNaziv upitnika:\"{SURVEYNAME}\"<br />\n\"{SURVEYDESCRIPTION}\"<br />\nZa sudjelovanje molim kliknete na navedeni URL (ili ga kopirajte u web preglednik):<br />\n{SURVEYURL}<br />\n<br />\nLijep pozdrav,<br />\n{ADMINNAME} <br />\n({ADMINEMAIL})<br />\n<br />\nAko ne elite sudjelovati u ovom upitniku i ne elite vie primati pozivnice, kliknite sljedeu vezu: <br />\n{OPTOUTURL}', 'Potvrda o registraciji za sudjelovanje u upitniku', 'Potovani(a) {FIRSTNAME},<br />\n<br />\nVi, ili netko drugi koristei vau e-mail adresu, prijavio se za sudjelovanje u online upitniku {SURVEYNAME}.<br />\n<br />\nZa popunjavanje upitnika kliknite na navedeni URL (ili ga kopirajte u web preglednik):<br />\n{SURVEYURL}<br />\n<br />\nU sluaju da se niste prijavili za sudjelovanje ili imate druga pitanja o ovom upitniku, molimo da kontaktirate vlasnika upitnika ({ADMINNAME}) na e-mail {ADMINEMAIL}.', 'Potvrda vaeg sudjelovanja u naem upitniku', 'Pozdrav, {FIRSTNAME}!<br />\n<br />\nOvom porukom e-pote potvrujemo da ste dovrili anketu pod nazivom {SURVEYNAME} i da je va odgovor spremljen. Hvala na sudjelovanju.<br />\n<br />\nAko imate dodatna pitanja o ovoj poruci e-pote, obratite se {ADMINNAME} na {ADMINEMAIL}.<br />\n<br />\nSrdaan pozdrav!<br />\n<br />\n {ADMINNAME}', 4, NULL, NULL, 'Podnoenje odgovora za upitnik {SURVEYNAME}', 'Pozdrav, <br />\n <br />\nZa va upitnik \'{SURVEYNAME}\' poslan je novi pojedinani odgovor.<br />\n <br />\nKliknite na sljedeu poveznicu da biste vidjeli pojedinani odgovor: <br />\n{VIEWRESPONSEURL}<br />\n <br />\nKliknite na sljedeu poveznicu da biste uredili pojedinani odgovor: <br />\n{EDITRESPONSEURL}<br />\n <br />\nKliknite na sljedeu poveznicu da biste vidjeli statistiku: <br />\n{STATISTICSURL}', 'Podnoenje odgovora za upitnik {SURVEYNAME} sa rezultatima', 'Pozdrav, <br />\n <br />\n Novi odgovor je poslan za vau upitnik \\ \'{SURVEYNAME} \\ <br />\n <br />\n Kliknite na sljedeu poveznicu kako biste vidjeli pojedinani odgovor: <br />\n {VIEWRESPONSEURL} <br />\n <br />\n Kliknite na sljedeu poveznicu kako biste uredili pojedinani odgovor: <br />\n { EDITRESPONSEURL} <br />\n <br />\n Pogledajte statistiku klikom ovdje: <br />\n {STATISTICSURL} <br />\n <br />\n <br />\nIspitanik je dao slijedee odgovore: <br />\n {ANSWERTABLE}', 0, NULL),
(582481, 'en', 'Survey group import', 'Lorem ipsum dolor sit amet, consectetur adipiscing elit. Nam eleifend risus in felis euismod pellentesque. Nam at pretium nisi. Nunc odio eros, euismod a diam non, interdum cursus sem. Quisque vitae sagittis tellus. Morbi accumsan quis neque eu condimentum.', 'Curabitur non facilisis nulla. Phasellus ac efficitur ipsum. Praesent in consequat risus, eget imperdiet risus. Aliquam erat volutpat. Sed ac turpis ac mi convallis pharetra at ut lacus. Nullam imperdiet, ipsum a pulvinar auctor, lorem odio accumsan erat, non commodo nibh urna quis diam. Proin venenatis convallis tellus in sagittis.', 'Aliquam luctus, tellus non ullamcorper aliquet, felis metus eleifend nunc, et sollicitudin libero mi at lectus. Donec interdum lacinia nunc, eget hendrerit risus condimentum vitae. Etiam efficitur dictum sapien, ac ornare lacus porta sit amet.', '', NULL, '', 'http://www.limesurvey.org', '', 'Invitation to participate in a survey', 'Dear {FIRSTNAME},<br />\n<br />\nYou have been invited to participate in a survey.<br />\n<br />\nThe survey is titled:<br />\n\"{SURVEYNAME}\"<br />\n<br />\n\"{SURVEYDESCRIPTION}\"<br />\n<br />\nTo participate, please click on the link below.<br />\n<br />\nSincerely,<br />\n<br />\n{ADMINNAME} ({ADMINEMAIL})<br />\n<br />\n----------------------------------------------<br />\nClick here to do the survey:<br />\n{SURVEYURL}<br />\n<br />\nIf you do not want to participate in this survey and don\'t want to receive any more invitations please click the following link:<br />\n{OPTOUTURL}<br />\n<br />\nIf you are blacklisted but want to participate in this survey and want to receive invitations please click the following link:<br />\n{OPTINURL}', 'Reminder to participate in a survey', 'Dear {FIRSTNAME},<br />\n<br />\nRecently we invited you to participate in a survey.<br />\n<br />\nWe note that you have not yet completed the survey, and wish to remind you that the survey is still available should you wish to take part.<br />\n<br />\nThe survey is titled:<br />\n\"{SURVEYNAME}\"<br />\n<br />\n\"{SURVEYDESCRIPTION}\"<br />\n<br />\nTo participate, please click on the link below.<br />\n<br />\nSincerely,<br />\n<br />\n{ADMINNAME} ({ADMINEMAIL})<br />\n<br />\n----------------------------------------------<br />\nClick here to do the survey:<br />\n{SURVEYURL}<br />\n<br />\nIf you do not want to participate in this survey and don\'t want to receive any more invitations please click the following link:<br />\n{OPTOUTURL}', 'Survey registration confirmation', 'Dear {FIRSTNAME},<br />\n<br />\nYou, or someone using your email address, have registered to participate in an online survey titled {SURVEYNAME}.<br />\n<br />\nTo complete this survey, click on the following URL:<br />\n<br />\n{SURVEYURL}<br />\n<br />\nIf you have any questions about this survey, or if you did not register to participate and believe this email is in error, please contact {ADMINNAME} at {ADMINEMAIL}.', 'Confirmation of your participation in our survey', 'Dear {FIRSTNAME},<br />\n<br />\nThis email is to confirm that you have completed the survey titled {SURVEYNAME} and your response has been saved. Thank you for participating.<br />\n<br />\nIf you have any further questions about this email, please contact {ADMINNAME} on {ADMINEMAIL}.<br />\n<br />\nSincerely,<br />\n<br />\n{ADMINNAME}', 9, NULL, '', 'Response submission for survey {SURVEYNAME}', 'Hello,<br />\n<br />\nA new response was submitted for your survey \'{SURVEYNAME}\'.<br />\n<br />\nClick the following link to see the individual response:<br />\n{VIEWRESPONSEURL}<br />\n<br />\nClick the following link to edit the individual response:<br />\n{EDITRESPONSEURL}<br />\n<br />\nView statistics by clicking here:<br />\n{STATISTICSURL}', 'Response submission for survey {SURVEYNAME} with results', 'Hello,<br />\n<br />\nA new response was submitted for your survey \'{SURVEYNAME}\'.<br />\n<br />\nClick the following link to see the individual response:<br />\n{VIEWRESPONSEURL}<br />\n<br />\nClick the following link to edit the individual response:<br />\n{EDITRESPONSEURL}<br />\n<br />\nView statistics by clicking here:<br />\n{STATISTICSURL}<br />\n<br />\n<br />\nThe following answers were given by the participant:<br />\n{ANSWERTABLE}', 0, NULL),
(582481, 'hr', 'Survey group import', NULL, NULL, NULL, NULL, NULL, NULL, NULL, NULL, 'Pozivnica za sudjelovanje u upitniku', 'Potovani/a {FIRSTNAME}!<br />\n<br />\nPozvani ste na sudjelovanje u anketi.<br />\n<br />\nNaziv ankete glasi:<br />\n{SURVEYNAME}<br />\n<br />\n{SURVEYDESCRIPTION}<br />\n<br />\nDa biste sudjelovali, kliknite poveznicu u nastavku.<br />\n<br />\nSrdaan pozdrav!<br />\n<br />\n{ADMINNAME} ({ADMINEMAIL})<br />\n<br />\n----------------------------------------------<br />\nKliknite ovdje za sudjelovanje u anketi:<br />\n{SURVEYURL}<br />\n<br />\nAko ne elite sudjelovati u ovom upitniku i ne elite vie primati pozivnice, kliknite sljedeu vezu: <br />\n{OPTOUTURL}<br />\n<br />\nAko ste na crnoj listi, ali elite sudjelovati u ovom upitniku i elite primati pozivnice, kliknite sljedeu vezu: <br />\n{OPTINURL}', 'Podsjetnik za sudjelovanje u upitniku', 'Potovani/a,<br />\n<br />\nnedavno sam Vas pozvao da sudjelujete u istraivanju putem upitnika, no naalost do danas upitnik niste ispunili.<br />\n<br />\nOvom prilikom elim Vas podsjetiti da je upitnik jo uvijek dostupan u sluaju da kanite sudjelovati u istraivanju.<br />\n<br />\nNaziv upitnika:\"{SURVEYNAME}\"<br />\n\"{SURVEYDESCRIPTION}\"<br />\nZa sudjelovanje molim kliknete na navedeni URL (ili ga kopirajte u web preglednik):<br />\n{SURVEYURL}<br />\n<br />\nLijep pozdrav,<br />\n{ADMINNAME} <br />\n({ADMINEMAIL})<br />\n<br />\nAko ne elite sudjelovati u ovom upitniku i ne elite vie primati pozivnice, kliknite sljedeu vezu: <br />\n{OPTOUTURL}', 'Potvrda o registraciji za sudjelovanje u upitniku', 'Potovani(a) {FIRSTNAME},<br />\n<br />\nVi, ili netko drugi koristei vau e-mail adresu, prijavio se za sudjelovanje u online upitniku {SURVEYNAME}.<br />\n<br />\nZa popunjavanje upitnika kliknite na navedeni URL (ili ga kopirajte u web preglednik):<br />\n{SURVEYURL}<br />\n<br />\nU sluaju da se niste prijavili za sudjelovanje ili imate druga pitanja o ovom upitniku, molimo da kontaktirate vlasnika upitnika ({ADMINNAME}) na e-mail {ADMINEMAIL}.', 'Potvrda vaeg sudjelovanja u naem upitniku', 'Pozdrav, {FIRSTNAME}!<br />\n<br />\nOvom porukom e-pote potvrujemo da ste dovrili anketu pod nazivom {SURVEYNAME} i da je va odgovor spremljen. Hvala na sudjelovanju.<br />\n<br />\nAko imate dodatna pitanja o ovoj poruci e-pote, obratite se {ADMINNAME} na {ADMINEMAIL}.<br />\n<br />\nSrdaan pozdrav!<br />\n<br />\n {ADMINNAME}', 4, NULL, NULL, 'Podnoenje odgovora za upitnik {SURVEYNAME}', 'Pozdrav, <br />\n <br />\nZa va upitnik \'{SURVEYNAME}\' poslan je novi pojedinani odgovor.<br />\n <br />\nKliknite na sljedeu poveznicu da biste vidjeli pojedinani odgovor: <br />\n{VIEWRESPONSEURL}<br />\n <br />\nKliknite na sljedeu poveznicu da biste uredili pojedinani odgovor: <br />\n{EDITRESPONSEURL}<br />\n <br />\nKliknite na sljedeu poveznicu da biste vidjeli statistiku: <br />\n{STATISTICSURL}', 'Podnoenje odgovora za upitnik {SURVEYNAME} sa rezultatima', 'Pozdrav, <br />\n <br />\n Novi odgovor je poslan za vau upitnik \\ \'{SURVEYNAME} \\ <br />\n <br />\n Kliknite na sljedeu poveznicu kako biste vidjeli pojedinani odgovor: <br />\n {VIEWRESPONSEURL} <br />\n <br />\n Kliknite na sljedeu poveznicu kako biste uredili pojedinani odgovor: <br />\n { EDITRESPONSEURL} <br />\n <br />\n Pogledajte statistiku klikom ovdje: <br />\n {STATISTICSURL} <br />\n <br />\n <br />\nIspitanik je dao slijedee odgovore: <br />\n {ANSWERTABLE}', 0, NULL),
(278371, 'en', 'Survey reorder groups', 'Lorem ipsum dolor sit amet, consectetur adipiscing elit. Nam eleifend risus in felis euismod pellentesque. Nam at pretium nisi. Nunc odio eros, euismod a diam non, interdum cursus sem. Quisque vitae sagittis tellus. Morbi accumsan quis neque eu condimentum.', 'Curabitur non facilisis nulla. Phasellus ac efficitur ipsum. Praesent in consequat risus, eget imperdiet risus. Aliquam erat volutpat. Sed ac turpis ac mi convallis pharetra at ut lacus. Nullam imperdiet, ipsum a pulvinar auctor, lorem odio accumsan erat, non commodo nibh urna quis diam. Proin venenatis convallis tellus in sagittis.', 'Aliquam luctus, tellus non ullamcorper aliquet, felis metus eleifend nunc, et sollicitudin libero mi at lectus. Donec interdum lacinia nunc, eget hendrerit risus condimentum vitae. Etiam efficitur dictum sapien, ac ornare lacus porta sit amet.', '', NULL, '', 'http://www.limesurvey.org', '', 'Invitation to participate in a survey', 'Dear {FIRSTNAME},<br />\n<br />\nYou have been invited to participate in a survey.<br />\n<br />\nThe survey is titled:<br />\n\"{SURVEYNAME}\"<br />\n<br />\n\"{SURVEYDESCRIPTION}\"<br />\n<br />\nTo participate, please click on the link below.<br />\n<br />\nSincerely,<br />\n<br />\n{ADMINNAME} ({ADMINEMAIL})<br />\n<br />\n----------------------------------------------<br />\nClick here to do the survey:<br />\n{SURVEYURL}<br />\n<br />\nIf you do not want to participate in this survey and don\'t want to receive any more invitations please click the following link:<br />\n{OPTOUTURL}<br />\n<br />\nIf you are blacklisted but want to participate in this survey and want to receive invitations please click the following link:<br />\n{OPTINURL}', 'Reminder to participate in a survey', 'Dear {FIRSTNAME},<br />\n<br />\nRecently we invited you to participate in a survey.<br />\n<br />\nWe note that you have not yet completed the survey, and wish to remind you that the survey is still available should you wish to take part.<br />\n<br />\nThe survey is titled:<br />\n\"{SURVEYNAME}\"<br />\n<br />\n\"{SURVEYDESCRIPTION}\"<br />\n<br />\nTo participate, please click on the link below.<br />\n<br />\nSincerely,<br />\n<br />\n{ADMINNAME} ({ADMINEMAIL})<br />\n<br />\n----------------------------------------------<br />\nClick here to do the survey:<br />\n{SURVEYURL}<br />\n<br />\nIf you do not want to participate in this survey and don\'t want to receive any more invitations please click the following link:<br />\n{OPTOUTURL}', 'Survey registration confirmation', 'Dear {FIRSTNAME},<br />\n<br />\nYou, or someone using your email address, have registered to participate in an online survey titled {SURVEYNAME}.<br />\n<br />\nTo complete this survey, click on the following URL:<br />\n<br />\n{SURVEYURL}<br />\n<br />\nIf you have any questions about this survey, or if you did not register to participate and believe this email is in error, please contact {ADMINNAME} at {ADMINEMAIL}.', 'Confirmation of your participation in our survey', 'Dear {FIRSTNAME},<br />\n<br />\nThis email is to confirm that you have completed the survey titled {SURVEYNAME} and your response has been saved. Thank you for participating.<br />\n<br />\nIf you have any further questions about this email, please contact {ADMINNAME} on {ADMINEMAIL}.<br />\n<br />\nSincerely,<br />\n<br />\n{ADMINNAME}', 9, NULL, '', 'Response submission for survey {SURVEYNAME}', 'Hello,<br />\n<br />\nA new response was submitted for your survey \'{SURVEYNAME}\'.<br />\n<br />\nClick the following link to see the individual response:<br />\n{VIEWRESPONSEURL}<br />\n<br />\nClick the following link to edit the individual response:<br />\n{EDITRESPONSEURL}<br />\n<br />\nView statistics by clicking here:<br />\n{STATISTICSURL}', 'Response submission for survey {SURVEYNAME} with results', 'Hello,<br />\n<br />\nA new response was submitted for your survey \'{SURVEYNAME}\'.<br />\n<br />\nClick the following link to see the individual response:<br />\n{VIEWRESPONSEURL}<br />\n<br />\nClick the following link to edit the individual response:<br />\n{EDITRESPONSEURL}<br />\n<br />\nView statistics by clicking here:<br />\n{STATISTICSURL}<br />\n<br />\n<br />\nThe following answers were given by the participant:<br />\n{ANSWERTABLE}', 0, NULL),
(278371, 'hr', 'Survey reorder groups', NULL, NULL, NULL, NULL, NULL, NULL, NULL, NULL, 'Pozivnica za sudjelovanje u upitniku', 'Potovani/a {FIRSTNAME}!<br />\n<br />\nPozvani ste na sudjelovanje u anketi.<br />\n<br />\nNaziv ankete glasi:<br />\n{SURVEYNAME}<br />\n<br />\n{SURVEYDESCRIPTION}<br />\n<br />\nDa biste sudjelovali, kliknite poveznicu u nastavku.<br />\n<br />\nSrdaan pozdrav!<br />\n<br />\n{ADMINNAME} ({ADMINEMAIL})<br />\n<br />\n----------------------------------------------<br />\nKliknite ovdje za sudjelovanje u anketi:<br />\n{SURVEYURL}<br />\n<br />\nAko ne elite sudjelovati u ovom upitniku i ne elite vie primati pozivnice, kliknite sljedeu vezu: <br />\n{OPTOUTURL}<br />\n<br />\nAko ste na crnoj listi, ali elite sudjelovati u ovom upitniku i elite primati pozivnice, kliknite sljedeu vezu: <br />\n{OPTINURL}', 'Podsjetnik za sudjelovanje u upitniku', 'Potovani/a,<br />\n<br />\nnedavno sam Vas pozvao da sudjelujete u istraivanju putem upitnika, no naalost do danas upitnik niste ispunili.<br />\n<br />\nOvom prilikom elim Vas podsjetiti da je upitnik jo uvijek dostupan u sluaju da kanite sudjelovati u istraivanju.<br />\n<br />\nNaziv upitnika:\"{SURVEYNAME}\"<br />\n\"{SURVEYDESCRIPTION}\"<br />\nZa sudjelovanje molim kliknete na navedeni URL (ili ga kopirajte u web preglednik):<br />\n{SURVEYURL}<br />\n<br />\nLijep pozdrav,<br />\n{ADMINNAME} <br />\n({ADMINEMAIL})<br />\n<br />\nAko ne elite sudjelovati u ovom upitniku i ne elite vie primati pozivnice, kliknite sljedeu vezu: <br />\n{OPTOUTURL}', 'Potvrda o registraciji za sudjelovanje u upitniku', 'Potovani(a) {FIRSTNAME},<br />\n<br />\nVi, ili netko drugi koristei vau e-mail adresu, prijavio se za sudjelovanje u online upitniku {SURVEYNAME}.<br />\n<br />\nZa popunjavanje upitnika kliknite na navedeni URL (ili ga kopirajte u web preglednik):<br />\n{SURVEYURL}<br />\n<br />\nU sluaju da se niste prijavili za sudjelovanje ili imate druga pitanja o ovom upitniku, molimo da kontaktirate vlasnika upitnika ({ADMINNAME}) na e-mail {ADMINEMAIL}.', 'Potvrda vaeg sudjelovanja u naem upitniku', 'Pozdrav, {FIRSTNAME}!<br />\n<br />\nOvom porukom e-pote potvrujemo da ste dovrili anketu pod nazivom {SURVEYNAME} i da je va odgovor spremljen. Hvala na sudjelovanju.<br />\n<br />\nAko imate dodatna pitanja o ovoj poruci e-pote, obratite se {ADMINNAME} na {ADMINEMAIL}.<br />\n<br />\nSrdaan pozdrav!<br />\n<br />\n {ADMINNAME}', 4, NULL, NULL, 'Podnoenje odgovora za upitnik {SURVEYNAME}', 'Pozdrav, <br />\n <br />\nZa va upitnik \'{SURVEYNAME}\' poslan je novi pojedinani odgovor.<br />\n <br />\nKliknite na sljedeu poveznicu da biste vidjeli pojedinani odgovor: <br />\n{VIEWRESPONSEURL}<br />\n <br />\nKliknite na sljedeu poveznicu da biste uredili pojedinani odgovor: <br />\n{EDITRESPONSEURL}<br />\n <br />\nKliknite na sljedeu poveznicu da biste vidjeli statistiku: <br />\n{STATISTICSURL}', 'Podnoenje odgovora za upitnik {SURVEYNAME} sa rezultatima', 'Pozdrav, <br />\n <br />\n Novi odgovor je poslan za vau upitnik \\ \'{SURVEYNAME} \\ <br />\n <br />\n Kliknite na sljedeu poveznicu kako biste vidjeli pojedinani odgovor: <br />\n {VIEWRESPONSEURL} <br />\n <br />\n Kliknite na sljedeu poveznicu kako biste uredili pojedinani odgovor: <br />\n { EDITRESPONSEURL} <br />\n <br />\n Pogledajte statistiku klikom ovdje: <br />\n {STATISTICSURL} <br />\n <br />\n <br />\nIspitanik je dao slijedee odgovore: <br />\n {ANSWERTABLE}', 0, NULL),
(422915, 'en', 'Survey group fields', 'Lorem ipsum dolor sit amet, consectetur adipiscing elit. Nam eleifend risus in felis euismod pellentesque. Nam at pretium nisi. Nunc odio eros, euismod a diam non, interdum cursus sem. Quisque vitae sagittis tellus. Morbi accumsan quis neque eu condimentum.', 'Curabitur non facilisis nulla. Phasellus ac efficitur ipsum. Praesent in consequat risus, eget imperdiet risus. Aliquam erat volutpat. Sed ac turpis ac mi convallis pharetra at ut lacus. Nullam imperdiet, ipsum a pulvinar auctor, lorem odio accumsan erat, non commodo nibh urna quis diam. Proin venenatis convallis tellus in sagittis.', 'Aliquam luctus, tellus non ullamcorper aliquet, felis metus eleifend nunc, et sollicitudin libero mi at lectus. Donec interdum lacinia nunc, eget hendrerit risus condimentum vitae. Etiam efficitur dictum sapien, ac ornare lacus porta sit amet.', '', NULL, '', 'http://www.limesurvey.org', '', 'Invitation to participate in a survey', 'Dear {FIRSTNAME},<br />\n<br />\nYou have been invited to participate in a survey.<br />\n<br />\nThe survey is titled:<br />\n\"{SURVEYNAME}\"<br />\n<br />\n\"{SURVEYDESCRIPTION}\"<br />\n<br />\nTo participate, please click on the link below.<br />\n<br />\nSincerely,<br />\n<br />\n{ADMINNAME} ({ADMINEMAIL})<br />\n<br />\n----------------------------------------------<br />\nClick here to do the survey:<br />\n{SURVEYURL}<br />\n<br />\nIf you do not want to participate in this survey and don\'t want to receive any more invitations please click the following link:<br />\n{OPTOUTURL}<br />\n<br />\nIf you are blacklisted but want to participate in this survey and want to receive invitations please click the following link:<br />\n{OPTINURL}', 'Reminder to participate in a survey', 'Dear {FIRSTNAME},<br />\n<br />\nRecently we invited you to participate in a survey.<br />\n<br />\nWe note that you have not yet completed the survey, and wish to remind you that the survey is still available should you wish to take part.<br />\n<br />\nThe survey is titled:<br />\n\"{SURVEYNAME}\"<br />\n<br />\n\"{SURVEYDESCRIPTION}\"<br />\n<br />\nTo participate, please click on the link below.<br />\n<br />\nSincerely,<br />\n<br />\n{ADMINNAME} ({ADMINEMAIL})<br />\n<br />\n----------------------------------------------<br />\nClick here to do the survey:<br />\n{SURVEYURL}<br />\n<br />\nIf you do not want to participate in this survey and don\'t want to receive any more invitations please click the following link:<br />\n{OPTOUTURL}', 'Survey registration confirmation', 'Dear {FIRSTNAME},<br />\n<br />\nYou, or someone using your email address, have registered to participate in an online survey titled {SURVEYNAME}.<br />\n<br />\nTo complete this survey, click on the following URL:<br />\n<br />\n{SURVEYURL}<br />\n<br />\nIf you have any questions about this survey, or if you did not register to participate and believe this email is in error, please contact {ADMINNAME} at {ADMINEMAIL}.', 'Confirmation of your participation in our survey', 'Dear {FIRSTNAME},<br />\n<br />\nThis email is to confirm that you have completed the survey titled {SURVEYNAME} and your response has been saved. Thank you for participating.<br />\n<br />\nIf you have any further questions about this email, please contact {ADMINNAME} on {ADMINEMAIL}.<br />\n<br />\nSincerely,<br />\n<br />\n{ADMINNAME}', 9, NULL, '', 'Response submission for survey {SURVEYNAME}', 'Hello,<br />\n<br />\nA new response was submitted for your survey \'{SURVEYNAME}\'.<br />\n<br />\nClick the following link to see the individual response:<br />\n{VIEWRESPONSEURL}<br />\n<br />\nClick the following link to edit the individual response:<br />\n{EDITRESPONSEURL}<br />\n<br />\nView statistics by clicking here:<br />\n{STATISTICSURL}', 'Response submission for survey {SURVEYNAME} with results', 'Hello,<br />\n<br />\nA new response was submitted for your survey \'{SURVEYNAME}\'.<br />\n<br />\nClick the following link to see the individual response:<br />\n{VIEWRESPONSEURL}<br />\n<br />\nClick the following link to edit the individual response:<br />\n{EDITRESPONSEURL}<br />\n<br />\nView statistics by clicking here:<br />\n{STATISTICSURL}<br />\n<br />\n<br />\nThe following answers were given by the participant:<br />\n{ANSWERTABLE}', 0, NULL),
(422915, 'hr', 'Survey group fields', NULL, NULL, NULL, NULL, NULL, NULL, NULL, NULL, 'Pozivnica za sudjelovanje u upitniku', 'Potovani/a {FIRSTNAME}!<br />\n<br />\nPozvani ste na sudjelovanje u anketi.<br />\n<br />\nNaziv ankete glasi:<br />\n{SURVEYNAME}<br />\n<br />\n{SURVEYDESCRIPTION}<br />\n<br />\nDa biste sudjelovali, kliknite poveznicu u nastavku.<br />\n<br />\nSrdaan pozdrav!<br />\n<br />\n{ADMINNAME} ({ADMINEMAIL})<br />\n<br />\n----------------------------------------------<br />\nKliknite ovdje za sudjelovanje u anketi:<br />\n{SURVEYURL}<br />\n<br />\nAko ne elite sudjelovati u ovom upitniku i ne elite vie primati pozivnice, kliknite sljedeu vezu: <br />\n{OPTOUTURL}<br />\n<br />\nAko ste na crnoj listi, ali elite sudjelovati u ovom upitniku i elite primati pozivnice, kliknite sljedeu vezu: <br />\n{OPTINURL}', 'Podsjetnik za sudjelovanje u upitniku', 'Potovani/a,<br />\n<br />\nnedavno sam Vas pozvao da sudjelujete u istraivanju putem upitnika, no naalost do danas upitnik niste ispunili.<br />\n<br />\nOvom prilikom elim Vas podsjetiti da je upitnik jo uvijek dostupan u sluaju da kanite sudjelovati u istraivanju.<br />\n<br />\nNaziv upitnika:\"{SURVEYNAME}\"<br />\n\"{SURVEYDESCRIPTION}\"<br />\nZa sudjelovanje molim kliknete na navedeni URL (ili ga kopirajte u web preglednik):<br />\n{SURVEYURL}<br />\n<br />\nLijep pozdrav,<br />\n{ADMINNAME} <br />\n({ADMINEMAIL})<br />\n<br />\nAko ne elite sudjelovati u ovom upitniku i ne elite vie primati pozivnice, kliknite sljedeu vezu: <br />\n{OPTOUTURL}', 'Potvrda o registraciji za sudjelovanje u upitniku', 'Potovani(a) {FIRSTNAME},<br />\n<br />\nVi, ili netko drugi koristei vau e-mail adresu, prijavio se za sudjelovanje u online upitniku {SURVEYNAME}.<br />\n<br />\nZa popunjavanje upitnika kliknite na navedeni URL (ili ga kopirajte u web preglednik):<br />\n{SURVEYURL}<br />\n<br />\nU sluaju da se niste prijavili za sudjelovanje ili imate druga pitanja o ovom upitniku, molimo da kontaktirate vlasnika upitnika ({ADMINNAME}) na e-mail {ADMINEMAIL}.', 'Potvrda vaeg sudjelovanja u naem upitniku', 'Pozdrav, {FIRSTNAME}!<br />\n<br />\nOvom porukom e-pote potvrujemo da ste dovrili anketu pod nazivom {SURVEYNAME} i da je va odgovor spremljen. Hvala na sudjelovanju.<br />\n<br />\nAko imate dodatna pitanja o ovoj poruci e-pote, obratite se {ADMINNAME} na {ADMINEMAIL}.<br />\n<br />\nSrdaan pozdrav!<br />\n<br />\n {ADMINNAME}', 4, NULL, NULL, 'Podnoenje odgovora za upitnik {SURVEYNAME}', 'Pozdrav, <br />\n <br />\nZa va upitnik \'{SURVEYNAME}\' poslan je novi pojedinani odgovor.<br />\n <br />\nKliknite na sljedeu poveznicu da biste vidjeli pojedinani odgovor: <br />\n{VIEWRESPONSEURL}<br />\n <br />\nKliknite na sljedeu poveznicu da biste uredili pojedinani odgovor: <br />\n{EDITRESPONSEURL}<br />\n <br />\nKliknite na sljedeu poveznicu da biste vidjeli statistiku: <br />\n{STATISTICSURL}', 'Podnoenje odgovora za upitnik {SURVEYNAME} sa rezultatima', 'Pozdrav, <br />\n <br />\n Novi odgovor je poslan za vau upitnik \\ \'{SURVEYNAME} \\ <br />\n <br />\n Kliknite na sljedeu poveznicu kako biste vidjeli pojedinani odgovor: <br />\n {VIEWRESPONSEURL} <br />\n <br />\n Kliknite na sljedeu poveznicu kako biste uredili pojedinani odgovor: <br />\n { EDITRESPONSEURL} <br />\n <br />\n Pogledajte statistiku klikom ovdje: <br />\n {STATISTICSURL} <br />\n <br />\n <br />\nIspitanik je dao slijedee odgovore: <br />\n {ANSWERTABLE}', 0, NULL);
INSERT INTO `lime_surveys_languagesettings` (`surveyls_survey_id`, `surveyls_language`, `surveyls_title`, `surveyls_description`, `surveyls_welcometext`, `surveyls_endtext`, `surveyls_policy_notice`, `surveyls_policy_error`, `surveyls_policy_notice_label`, `surveyls_url`, `surveyls_urldescription`, `surveyls_email_invite_subj`, `surveyls_email_invite`, `surveyls_email_remind_subj`, `surveyls_email_remind`, `surveyls_email_register_subj`, `surveyls_email_register`, `surveyls_email_confirm_subj`, `surveyls_email_confirm`, `surveyls_dateformat`, `surveyls_attributecaptions`, `surveyls_alias`, `email_admin_notification_subj`, `email_admin_notification`, `email_admin_responses_subj`, `email_admin_responses`, `surveyls_numberformat`, `attachments`) VALUES
(951785, 'en', 'Survey question add', '', '', '', '', NULL, '', '', '', 'Invitation to participate in a survey', 'Dear {FIRSTNAME},<br />\n<br />\nYou have been invited to participate in a survey.<br />\n<br />\nThe survey is titled:<br />\n\"{SURVEYNAME}\"<br />\n<br />\n\"{SURVEYDESCRIPTION}\"<br />\n<br />\nTo participate, please click on the link below.<br />\n<br />\nSincerely,<br />\n<br />\n{ADMINNAME} ({ADMINEMAIL})<br />\n<br />\n----------------------------------------------<br />\nClick here to do the survey:<br />\n{SURVEYURL}<br />\n<br />\nIf you do not want to participate in this survey and don\'t want to receive any more invitations please click the following link:<br />\n{OPTOUTURL}<br />\n<br />\nIf you are blacklisted but want to participate in this survey and want to receive invitations please click the following link:<br />\n{OPTINURL}', 'Reminder to participate in a survey', 'Dear {FIRSTNAME},<br />\n<br />\nRecently we invited you to participate in a survey.<br />\n<br />\nWe note that you have not yet completed the survey, and wish to remind you that the survey is still available should you wish to take part.<br />\n<br />\nThe survey is titled:<br />\n\"{SURVEYNAME}\"<br />\n<br />\n\"{SURVEYDESCRIPTION}\"<br />\n<br />\nTo participate, please click on the link below.<br />\n<br />\nSincerely,<br />\n<br />\n{ADMINNAME} ({ADMINEMAIL})<br />\n<br />\n----------------------------------------------<br />\nClick here to do the survey:<br />\n{SURVEYURL}<br />\n<br />\nIf you do not want to participate in this survey and don\'t want to receive any more invitations please click the following link:<br />\n{OPTOUTURL}', 'Survey registration confirmation', 'Dear {FIRSTNAME},<br />\n<br />\nYou, or someone using your email address, have registered to participate in an online survey titled {SURVEYNAME}.<br />\n<br />\nTo complete this survey, click on the following URL:<br />\n<br />\n{SURVEYURL}<br />\n<br />\nIf you have any questions about this survey, or if you did not register to participate and believe this email is in error, please contact {ADMINNAME} at {ADMINEMAIL}.', 'Confirmation of your participation in our survey', 'Dear {FIRSTNAME},<br />\n<br />\nThis email is to confirm that you have completed the survey titled {SURVEYNAME} and your response has been saved. Thank you for participating.<br />\n<br />\nIf you have any further questions about this email, please contact {ADMINNAME} on {ADMINEMAIL}.<br />\n<br />\nSincerely,<br />\n<br />\n{ADMINNAME}', 9, NULL, NULL, 'Response submission for survey {SURVEYNAME}', 'Hello,<br />\n<br />\nA new response was submitted for your survey \'{SURVEYNAME}\'.<br />\n<br />\nClick the following link to see the individual response:<br />\n{VIEWRESPONSEURL}<br />\n<br />\nClick the following link to edit the individual response:<br />\n{EDITRESPONSEURL}<br />\n<br />\nView statistics by clicking here:<br />\n{STATISTICSURL}', 'Response submission for survey {SURVEYNAME} with results', 'Hello,<br />\n<br />\nA new response was submitted for your survey \'{SURVEYNAME}\'.<br />\n<br />\nClick the following link to see the individual response:<br />\n{VIEWRESPONSEURL}<br />\n<br />\nClick the following link to edit the individual response:<br />\n{EDITRESPONSEURL}<br />\n<br />\nView statistics by clicking here:<br />\n{STATISTICSURL}<br />\n<br />\n<br />\nThe following answers were given by the participant:<br />\n{ANSWERTABLE}', 0, NULL),
(348447, 'en', 'Survey question edit', '', '', '', '', NULL, '', '', '', 'Invitation to participate in a survey', 'Dear {FIRSTNAME},<br />\n<br />\nYou have been invited to participate in a survey.<br />\n<br />\nThe survey is titled:<br />\n\"{SURVEYNAME}\"<br />\n<br />\n\"{SURVEYDESCRIPTION}\"<br />\n<br />\nTo participate, please click on the link below.<br />\n<br />\nSincerely,<br />\n<br />\n{ADMINNAME} ({ADMINEMAIL})<br />\n<br />\n----------------------------------------------<br />\nClick here to do the survey:<br />\n{SURVEYURL}<br />\n<br />\nIf you do not want to participate in this survey and don\'t want to receive any more invitations please click the following link:<br />\n{OPTOUTURL}<br />\n<br />\nIf you are blacklisted but want to participate in this survey and want to receive invitations please click the following link:<br />\n{OPTINURL}', 'Reminder to participate in a survey', 'Dear {FIRSTNAME},<br />\n<br />\nRecently we invited you to participate in a survey.<br />\n<br />\nWe note that you have not yet completed the survey, and wish to remind you that the survey is still available should you wish to take part.<br />\n<br />\nThe survey is titled:<br />\n\"{SURVEYNAME}\"<br />\n<br />\n\"{SURVEYDESCRIPTION}\"<br />\n<br />\nTo participate, please click on the link below.<br />\n<br />\nSincerely,<br />\n<br />\n{ADMINNAME} ({ADMINEMAIL})<br />\n<br />\n----------------------------------------------<br />\nClick here to do the survey:<br />\n{SURVEYURL}<br />\n<br />\nIf you do not want to participate in this survey and don\'t want to receive any more invitations please click the following link:<br />\n{OPTOUTURL}', 'Survey registration confirmation', 'Dear {FIRSTNAME},<br />\n<br />\nYou, or someone using your email address, have registered to participate in an online survey titled {SURVEYNAME}.<br />\n<br />\nTo complete this survey, click on the following URL:<br />\n<br />\n{SURVEYURL}<br />\n<br />\nIf you have any questions about this survey, or if you did not register to participate and believe this email is in error, please contact {ADMINNAME} at {ADMINEMAIL}.', 'Confirmation of your participation in our survey', 'Dear {FIRSTNAME},<br />\n<br />\nThis email is to confirm that you have completed the survey titled {SURVEYNAME} and your response has been saved. Thank you for participating.<br />\n<br />\nIf you have any further questions about this email, please contact {ADMINNAME} on {ADMINEMAIL}.<br />\n<br />\nSincerely,<br />\n<br />\n{ADMINNAME}', 9, NULL, NULL, 'Response submission for survey {SURVEYNAME}', 'Hello,<br />\n<br />\nA new response was submitted for your survey \'{SURVEYNAME}\'.<br />\n<br />\nClick the following link to see the individual response:<br />\n{VIEWRESPONSEURL}<br />\n<br />\nClick the following link to edit the individual response:<br />\n{EDITRESPONSEURL}<br />\n<br />\nView statistics by clicking here:<br />\n{STATISTICSURL}', 'Response submission for survey {SURVEYNAME} with results', 'Hello,<br />\n<br />\nA new response was submitted for your survey \'{SURVEYNAME}\'.<br />\n<br />\nClick the following link to see the individual response:<br />\n{VIEWRESPONSEURL}<br />\n<br />\nClick the following link to edit the individual response:<br />\n{EDITRESPONSEURL}<br />\n<br />\nView statistics by clicking here:<br />\n{STATISTICSURL}<br />\n<br />\n<br />\nThe following answers were given by the participant:<br />\n{ANSWERTABLE}', 0, NULL),
(857644, 'en', 'Survey question delete', '', '', '', '', NULL, '', '', '', 'Invitation to participate in a survey', 'Dear {FIRSTNAME},<br />\n<br />\nYou have been invited to participate in a survey.<br />\n<br />\nThe survey is titled:<br />\n\"{SURVEYNAME}\"<br />\n<br />\n\"{SURVEYDESCRIPTION}\"<br />\n<br />\nTo participate, please click on the link below.<br />\n<br />\nSincerely,<br />\n<br />\n{ADMINNAME} ({ADMINEMAIL})<br />\n<br />\n----------------------------------------------<br />\nClick here to do the survey:<br />\n{SURVEYURL}<br />\n<br />\nIf you do not want to participate in this survey and don\'t want to receive any more invitations please click the following link:<br />\n{OPTOUTURL}<br />\n<br />\nIf you are blacklisted but want to participate in this survey and want to receive invitations please click the following link:<br />\n{OPTINURL}', 'Reminder to participate in a survey', 'Dear {FIRSTNAME},<br />\n<br />\nRecently we invited you to participate in a survey.<br />\n<br />\nWe note that you have not yet completed the survey, and wish to remind you that the survey is still available should you wish to take part.<br />\n<br />\nThe survey is titled:<br />\n\"{SURVEYNAME}\"<br />\n<br />\n\"{SURVEYDESCRIPTION}\"<br />\n<br />\nTo participate, please click on the link below.<br />\n<br />\nSincerely,<br />\n<br />\n{ADMINNAME} ({ADMINEMAIL})<br />\n<br />\n----------------------------------------------<br />\nClick here to do the survey:<br />\n{SURVEYURL}<br />\n<br />\nIf you do not want to participate in this survey and don\'t want to receive any more invitations please click the following link:<br />\n{OPTOUTURL}', 'Survey registration confirmation', 'Dear {FIRSTNAME},<br />\n<br />\nYou, or someone using your email address, have registered to participate in an online survey titled {SURVEYNAME}.<br />\n<br />\nTo complete this survey, click on the following URL:<br />\n<br />\n{SURVEYURL}<br />\n<br />\nIf you have any questions about this survey, or if you did not register to participate and believe this email is in error, please contact {ADMINNAME} at {ADMINEMAIL}.', 'Confirmation of your participation in our survey', 'Dear {FIRSTNAME},<br />\n<br />\nThis email is to confirm that you have completed the survey titled {SURVEYNAME} and your response has been saved. Thank you for participating.<br />\n<br />\nIf you have any further questions about this email, please contact {ADMINNAME} on {ADMINEMAIL}.<br />\n<br />\nSincerely,<br />\n<br />\n{ADMINNAME}', 9, NULL, NULL, 'Response submission for survey {SURVEYNAME}', 'Hello,<br />\n<br />\nA new response was submitted for your survey \'{SURVEYNAME}\'.<br />\n<br />\nClick the following link to see the individual response:<br />\n{VIEWRESPONSEURL}<br />\n<br />\nClick the following link to edit the individual response:<br />\n{EDITRESPONSEURL}<br />\n<br />\nView statistics by clicking here:<br />\n{STATISTICSURL}', 'Response submission for survey {SURVEYNAME} with results', 'Hello,<br />\n<br />\nA new response was submitted for your survey \'{SURVEYNAME}\'.<br />\n<br />\nClick the following link to see the individual response:<br />\n{VIEWRESPONSEURL}<br />\n<br />\nClick the following link to edit the individual response:<br />\n{EDITRESPONSEURL}<br />\n<br />\nView statistics by clicking here:<br />\n{STATISTICSURL}<br />\n<br />\n<br />\nThe following answers were given by the participant:<br />\n{ANSWERTABLE}', 0, NULL),
(954472, 'en', 'Subquestion codes', '', '', '', '', NULL, '', '', '', 'Invitation to participate in a survey', 'Dear {FIRSTNAME},<br />\n<br />\nYou have been invited to participate in a survey.<br />\n<br />\nThe survey is titled:<br />\n\"{SURVEYNAME}\"<br />\n<br />\n\"{SURVEYDESCRIPTION}\"<br />\n<br />\nTo participate, please click on the link below.<br />\n<br />\nSincerely,<br />\n<br />\n{ADMINNAME} ({ADMINEMAIL})<br />\n<br />\n----------------------------------------------<br />\nClick here to do the survey:<br />\n{SURVEYURL}<br />\n<br />\nIf you do not want to participate in this survey and don\'t want to receive any more invitations please click the following link:<br />\n{OPTOUTURL}<br />\n<br />\nIf you are blacklisted but want to participate in this survey and want to receive invitations please click the following link:<br />\n{OPTINURL}', 'Reminder to participate in a survey', 'Dear {FIRSTNAME},<br />\n<br />\nRecently we invited you to participate in a survey.<br />\n<br />\nWe note that you have not yet completed the survey, and wish to remind you that the survey is still available should you wish to take part.<br />\n<br />\nThe survey is titled:<br />\n\"{SURVEYNAME}\"<br />\n<br />\n\"{SURVEYDESCRIPTION}\"<br />\n<br />\nTo participate, please click on the link below.<br />\n<br />\nSincerely,<br />\n<br />\n{ADMINNAME} ({ADMINEMAIL})<br />\n<br />\n----------------------------------------------<br />\nClick here to do the survey:<br />\n{SURVEYURL}<br />\n<br />\nIf you do not want to participate in this survey and don\'t want to receive any more invitations please click the following link:<br />\n{OPTOUTURL}', 'Survey registration confirmation', 'Dear {FIRSTNAME},<br />\n<br />\nYou, or someone using your email address, have registered to participate in an online survey titled {SURVEYNAME}.<br />\n<br />\nTo complete this survey, click on the following URL:<br />\n<br />\n{SURVEYURL}<br />\n<br />\nIf you have any questions about this survey, or if you did not register to participate and believe this email is in error, please contact {ADMINNAME} at {ADMINEMAIL}.', 'Confirmation of your participation in our survey', 'Dear {FIRSTNAME},<br />\n<br />\nThis email is to confirm that you have completed the survey titled {SURVEYNAME} and your response has been saved. Thank you for participating.<br />\n<br />\nIf you have any further questions about this email, please contact {ADMINNAME} on {ADMINEMAIL}.<br />\n<br />\nSincerely,<br />\n<br />\n{ADMINNAME}', 9, NULL, NULL, 'Response submission for survey {SURVEYNAME}', 'Hello,<br />\n<br />\nA new response was submitted for your survey \'{SURVEYNAME}\'.<br />\n<br />\nClick the following link to see the individual response:<br />\n{VIEWRESPONSEURL}<br />\n<br />\nClick the following link to edit the individual response:<br />\n{EDITRESPONSEURL}<br />\n<br />\nView statistics by clicking here:<br />\n{STATISTICSURL}', 'Response submission for survey {SURVEYNAME} with results', 'Hello,<br />\n<br />\nA new response was submitted for your survey \'{SURVEYNAME}\'.<br />\n<br />\nClick the following link to see the individual response:<br />\n{VIEWRESPONSEURL}<br />\n<br />\nClick the following link to edit the individual response:<br />\n{EDITRESPONSEURL}<br />\n<br />\nView statistics by clicking here:<br />\n{STATISTICSURL}<br />\n<br />\n<br />\nThe following answers were given by the participant:<br />\n{ANSWERTABLE}', 0, NULL),
(241194, 'en', 'CreateAnswer1', '', '', '', '', NULL, '', '', '', 'Invitation to participate in a survey', 'Dear {FIRSTNAME},<br />\n<br />\nYou have been invited to participate in a survey.<br />\n<br />\nThe survey is titled:<br />\n\"{SURVEYNAME}\"<br />\n<br />\n\"{SURVEYDESCRIPTION}\"<br />\n<br />\nTo participate, please click on the link below.<br />\n<br />\nSincerely,<br />\n<br />\n{ADMINNAME} ({ADMINEMAIL})<br />\n<br />\n----------------------------------------------<br />\nClick here to do the survey:<br />\n{SURVEYURL}<br />\n<br />\nIf you do not want to participate in this survey and don\'t want to receive any more invitations please click the following link:<br />\n{OPTOUTURL}<br />\n<br />\nIf you are blacklisted but want to participate in this survey and want to receive invitations please click the following link:<br />\n{OPTINURL}', 'Reminder to participate in a survey', 'Dear {FIRSTNAME},<br />\n<br />\nRecently we invited you to participate in a survey.<br />\n<br />\nWe note that you have not yet completed the survey, and wish to remind you that the survey is still available should you wish to take part.<br />\n<br />\nThe survey is titled:<br />\n\"{SURVEYNAME}\"<br />\n<br />\n\"{SURVEYDESCRIPTION}\"<br />\n<br />\nTo participate, please click on the link below.<br />\n<br />\nSincerely,<br />\n<br />\n{ADMINNAME} ({ADMINEMAIL})<br />\n<br />\n----------------------------------------------<br />\nClick here to do the survey:<br />\n{SURVEYURL}<br />\n<br />\nIf you do not want to participate in this survey and don\'t want to receive any more invitations please click the following link:<br />\n{OPTOUTURL}', 'Survey registration confirmation', 'Dear {FIRSTNAME},<br />\n<br />\nYou, or someone using your email address, have registered to participate in an online survey titled {SURVEYNAME}.<br />\n<br />\nTo complete this survey, click on the following URL:<br />\n<br />\n{SURVEYURL}<br />\n<br />\nIf you have any questions about this survey, or if you did not register to participate and believe this email is in error, please contact {ADMINNAME} at {ADMINEMAIL}.', 'Confirmation of your participation in our survey', 'Dear {FIRSTNAME},<br />\n<br />\nThis email is to confirm that you have completed the survey titled {SURVEYNAME} and your response has been saved. Thank you for participating.<br />\n<br />\nIf you have any further questions about this email, please contact {ADMINNAME} on {ADMINEMAIL}.<br />\n<br />\nSincerely,<br />\n<br />\n{ADMINNAME}', 9, NULL, NULL, 'Response submission for survey {SURVEYNAME}', 'Hello,<br />\n<br />\nA new response was submitted for your survey \'{SURVEYNAME}\'.<br />\n<br />\nClick the following link to see the individual response:<br />\n{VIEWRESPONSEURL}<br />\n<br />\nClick the following link to edit the individual response:<br />\n{EDITRESPONSEURL}<br />\n<br />\nView statistics by clicking here:<br />\n{STATISTICSURL}', 'Response submission for survey {SURVEYNAME} with results', 'Hello,<br />\n<br />\nA new response was submitted for your survey \'{SURVEYNAME}\'.<br />\n<br />\nClick the following link to see the individual response:<br />\n{VIEWRESPONSEURL}<br />\n<br />\nClick the following link to edit the individual response:<br />\n{EDITRESPONSEURL}<br />\n<br />\nView statistics by clicking here:<br />\n{STATISTICSURL}<br />\n<br />\n<br />\nThe following answers were given by the participant:<br />\n{ANSWERTABLE}', 0, NULL),
(241194, 'de', '', NULL, NULL, NULL, NULL, NULL, NULL, NULL, NULL, 'Einladung zu einer Umfrage', 'Hallo {FIRSTNAME},<br />\n<br />\nHiermit mchten wir dich zu einer Umfrage einladen.<br />\n<br />\nDer Titel der Umfrage ist <br />\n\"{SURVEYNAME}\"<br />\n<br />\n\"{SURVEYDESCRIPTION}\"<br />\n<br />\nUm an dieser Umfrage teilzunehmen, klicke bitte auf den unten stehenden Link.<br />\n<br />\nMit freundlichen Gren,<br />\n<br />\n{ADMINNAME} ({ADMINEMAIL})<br />\n<br />\n----------------------------------------------<br />\nKlicke hier um die Umfrage zu starten:<br />\n{SURVEYURL}<br />\n<br />\nWenn Sie an diese Umfrage nicht teilnehmen und keine weiteren Erinnerungen erhalten mchten, klicken Sie bitte auf den folgenden Link:<br />\n{OPTOUTURL}<br />\n<br />\nWenn Sie geblockt sind, jedoch wieder teilnehmen und weitere Einladungen erhalten mchten, klicken Sie bitte auf den folgenden Link:<br />\n{OPTINURL}', 'Erinnerung an die Teilnahme an einer Umfrage', 'Hallo {FIRSTNAME},<br />\n<br />\nVor kurzem haben wir dich zu einer Umfrage eingeladen.<br />\n<br />\nZu unserem Bedauern haben wir bemerkt, dass du die Umfrage noch nicht ausgefllt hast. Wir mchten dir mitteilen, dass die Umfrage noch aktiv ist, und wrden uns freuen, wenn du teilnehmen knntest.<br />\n<br />\nDer Titel der Umfrage ist <br />\n\'{SURVEYNAME}\'<br />\n<br />\n\'{SURVEYDESCRIPTION}\'<br />\n<br />\nUm an dieser Umfrage teilzunehmen, klicke bitte auf den unten stehenden Link.<br />\n<br />\n Mit freundlichen Gren,<br />\n<br />\n{ADMINNAME} ({ADMINEMAIL})<br />\n<br />\n----------------------------------------------<br />\nKlicke hier, um die Umfrage zu starten:<br />\n{SURVEYURL}<br />\n<br />\nWenn Sie an diese Umfrage nicht teilnehmen und keine weiteren Erinnerungen erhalten mchten, klicken Sie bitte auf den folgenden Link:<br />\n{OPTOUTURL}', 'Registrierungsbesttigung fr Teilnahmeumfrage', 'Hallo {FIRSTNAME},<br />\n<br />\ndu (oder jemand, der deine E-Mail-Adresse angegeben hat) hast dich fr eine Umfrage mit dem Titel {SURVEYNAME} angemeldet.<br />\n<br />\nUm an dieser Umfrage teilzunehmen, klicke bitte auf folgenden Link:<br />\n<br />\n{SURVEYURL}<br />\n<br />\nWenn du irgendwelche Fragen zu dieser Umfrage hast oder wenn du dich nicht fr diese Umfrage angemeldet hast und glaubst, dass dir diese E-Mail irrtmlicherweise zugeschickt worden ist, kontaktiere bitte {ADMINNAME} unter {ADMINEMAIL}.', 'Besttigung fr die Teilnahme an unserer Umfrage', 'Hallo {FIRSTNAME},<br />\n<br />\nVielen Dank fr die Teilnahme an der Umfrage mit dem Titel {SURVEYNAME}. Deine Antworten wurden bei uns gespeichert.<br />\n<br />\nWenn du irgendwelche Fragen zu dieser E-Mail hast, kontaktiere bitte {ADMINNAME} unter {ADMINEMAIL}.<br />\n<br />\nMit freundlichen Gren,<br />\n<br />\n{ADMINNAME}', 1, NULL, NULL, 'Antwortabsendung fr Umfrage {SURVEYNAME}', 'Hallo,<br />\n<br />\nEine neue Antwort wurde fr die Umfrage \'{SURVEYNAME}\' abgegeben.<br />\n<br />\nKlicke auf den folgenden Link um den Antwortdatensatz anzusehen:<br />\n{VIEWRESPONSEURL}<br />\n<br />\nKlicke auf den folgenden Link um den Antwortdatensatz zu bearbeiten:<br />\n{EDITRESPONSEURL}<br />\n<br />\nUm die Statistik zu sehen, klicke hier:<br />\n{STATISTICSURL}', 'Antwortabsendung fr Umfrage {SURVEYNAME} mit Ergebnissen', 'Hallo,<br />\n<br />\nEine neue Antwort wurde fr die Umfrage \'{SURVEYNAME}\' abgegeben.<br />\n<br />\nKlicken Sie auf den folgenden Link um den Antwortdatensatz anzusehen:<br />\n{VIEWRESPONSEURL}<br />\n<br />\nKlicken Sie auf den folgenden Link um den Antwortdatensatz zu bearbeiten:<br />\n{EDITRESPONSEURL}<br />\n<br />\nUm die Statistik zu sehen, klicken Sie hier:<br />\n{STATISTICSURL}<br />\n<br />\n<br />\nDie folgenden Antworten wurden vom Teilnehmer gegeben:<br />\n{ANSWERTABLE}', 0, NULL),
(158868, 'de', 'CreateAnswer2', NULL, NULL, NULL, NULL, NULL, NULL, NULL, NULL, 'Einladung zu einer Umfrage', 'Hallo {FIRSTNAME},<br />\n<br />\nHiermit mchten wir dich zu einer Umfrage einladen.<br />\n<br />\nDer Titel der Umfrage ist <br />\n\"{SURVEYNAME}\"<br />\n<br />\n\"{SURVEYDESCRIPTION}\"<br />\n<br />\nUm an dieser Umfrage teilzunehmen, klicke bitte auf den unten stehenden Link.<br />\n<br />\nMit freundlichen Gren,<br />\n<br />\n{ADMINNAME} ({ADMINEMAIL})<br />\n<br />\n----------------------------------------------<br />\nKlicke hier um die Umfrage zu starten:<br />\n{SURVEYURL}<br />\n<br />\nWenn Sie an diese Umfrage nicht teilnehmen und keine weiteren Erinnerungen erhalten mchten, klicken Sie bitte auf den folgenden Link:<br />\n{OPTOUTURL}<br />\n<br />\nWenn Sie geblockt sind, jedoch wieder teilnehmen und weitere Einladungen erhalten mchten, klicken Sie bitte auf den folgenden Link:<br />\n{OPTINURL}', 'Erinnerung an die Teilnahme an einer Umfrage', 'Hallo {FIRSTNAME},<br />\n<br />\nVor kurzem haben wir dich zu einer Umfrage eingeladen.<br />\n<br />\nZu unserem Bedauern haben wir bemerkt, dass du die Umfrage noch nicht ausgefllt hast. Wir mchten dir mitteilen, dass die Umfrage noch aktiv ist, und wrden uns freuen, wenn du teilnehmen knntest.<br />\n<br />\nDer Titel der Umfrage ist <br />\n\'{SURVEYNAME}\'<br />\n<br />\n\'{SURVEYDESCRIPTION}\'<br />\n<br />\nUm an dieser Umfrage teilzunehmen, klicke bitte auf den unten stehenden Link.<br />\n<br />\n Mit freundlichen Gren,<br />\n<br />\n{ADMINNAME} ({ADMINEMAIL})<br />\n<br />\n----------------------------------------------<br />\nKlicke hier, um die Umfrage zu starten:<br />\n{SURVEYURL}<br />\n<br />\nWenn Sie an diese Umfrage nicht teilnehmen und keine weiteren Erinnerungen erhalten mchten, klicken Sie bitte auf den folgenden Link:<br />\n{OPTOUTURL}', 'Registrierungsbesttigung fr Teilnahmeumfrage', 'Hallo {FIRSTNAME},<br />\n<br />\ndu (oder jemand, der deine E-Mail-Adresse angegeben hat) hast dich fr eine Umfrage mit dem Titel {SURVEYNAME} angemeldet.<br />\n<br />\nUm an dieser Umfrage teilzunehmen, klicke bitte auf folgenden Link:<br />\n<br />\n{SURVEYURL}<br />\n<br />\nWenn du irgendwelche Fragen zu dieser Umfrage hast oder wenn du dich nicht fr diese Umfrage angemeldet hast und glaubst, dass dir diese E-Mail irrtmlicherweise zugeschickt worden ist, kontaktiere bitte {ADMINNAME} unter {ADMINEMAIL}.', 'Besttigung fr die Teilnahme an unserer Umfrage', 'Hallo {FIRSTNAME},<br />\n<br />\nVielen Dank fr die Teilnahme an der Umfrage mit dem Titel {SURVEYNAME}. Deine Antworten wurden bei uns gespeichert.<br />\n<br />\nWenn du irgendwelche Fragen zu dieser E-Mail hast, kontaktiere bitte {ADMINNAME} unter {ADMINEMAIL}.<br />\n<br />\nMit freundlichen Gren,<br />\n<br />\n{ADMINNAME}', 1, NULL, NULL, 'Antwortabsendung fr Umfrage {SURVEYNAME}', 'Hallo,<br />\n<br />\nEine neue Antwort wurde fr die Umfrage \'{SURVEYNAME}\' abgegeben.<br />\n<br />\nKlicke auf den folgenden Link um den Antwortdatensatz anzusehen:<br />\n{VIEWRESPONSEURL}<br />\n<br />\nKlicke auf den folgenden Link um den Antwortdatensatz zu bearbeiten:<br />\n{EDITRESPONSEURL}<br />\n<br />\nUm die Statistik zu sehen, klicke hier:<br />\n{STATISTICSURL}', 'Antwortabsendung fr Umfrage {SURVEYNAME} mit Ergebnissen', 'Hallo,<br />\n<br />\nEine neue Antwort wurde fr die Umfrage \'{SURVEYNAME}\' abgegeben.<br />\n<br />\nKlicken Sie auf den folgenden Link um den Antwortdatensatz anzusehen:<br />\n{VIEWRESPONSEURL}<br />\n<br />\nKlicken Sie auf den folgenden Link um den Antwortdatensatz zu bearbeiten:<br />\n{EDITRESPONSEURL}<br />\n<br />\nUm die Statistik zu sehen, klicken Sie hier:<br />\n{STATISTICSURL}<br />\n<br />\n<br />\nDie folgenden Antworten wurden vom Teilnehmer gegeben:<br />\n{ANSWERTABLE}', 0, NULL),
(158868, 'en', 'CreateAnswer2', '', '', '', '', NULL, '', '', '', 'Invitation to participate in a survey', 'Dear {FIRSTNAME},<br />\n<br />\nYou have been invited to participate in a survey.<br />\n<br />\nThe survey is titled:<br />\n\"{SURVEYNAME}\"<br />\n<br />\n\"{SURVEYDESCRIPTION}\"<br />\n<br />\nTo participate, please click on the link below.<br />\n<br />\nSincerely,<br />\n<br />\n{ADMINNAME} ({ADMINEMAIL})<br />\n<br />\n----------------------------------------------<br />\nClick here to do the survey:<br />\n{SURVEYURL}<br />\n<br />\nIf you do not want to participate in this survey and don\'t want to receive any more invitations please click the following link:<br />\n{OPTOUTURL}<br />\n<br />\nIf you are blacklisted but want to participate in this survey and want to receive invitations please click the following link:<br />\n{OPTINURL}', 'Reminder to participate in a survey', 'Dear {FIRSTNAME},<br />\n<br />\nRecently we invited you to participate in a survey.<br />\n<br />\nWe note that you have not yet completed the survey, and wish to remind you that the survey is still available should you wish to take part.<br />\n<br />\nThe survey is titled:<br />\n\"{SURVEYNAME}\"<br />\n<br />\n\"{SURVEYDESCRIPTION}\"<br />\n<br />\nTo participate, please click on the link below.<br />\n<br />\nSincerely,<br />\n<br />\n{ADMINNAME} ({ADMINEMAIL})<br />\n<br />\n----------------------------------------------<br />\nClick here to do the survey:<br />\n{SURVEYURL}<br />\n<br />\nIf you do not want to participate in this survey and don\'t want to receive any more invitations please click the following link:<br />\n{OPTOUTURL}', 'Survey registration confirmation', 'Dear {FIRSTNAME},<br />\n<br />\nYou, or someone using your email address, have registered to participate in an online survey titled {SURVEYNAME}.<br />\n<br />\nTo complete this survey, click on the following URL:<br />\n<br />\n{SURVEYURL}<br />\n<br />\nIf you have any questions about this survey, or if you did not register to participate and believe this email is in error, please contact {ADMINNAME} at {ADMINEMAIL}.', 'Confirmation of your participation in our survey', 'Dear {FIRSTNAME},<br />\n<br />\nThis email is to confirm that you have completed the survey titled {SURVEYNAME} and your response has been saved. Thank you for participating.<br />\n<br />\nIf you have any further questions about this email, please contact {ADMINNAME} on {ADMINEMAIL}.<br />\n<br />\nSincerely,<br />\n<br />\n{ADMINNAME}', 9, NULL, NULL, 'Response submission for survey {SURVEYNAME}', 'Hello,<br />\n<br />\nA new response was submitted for your survey \'{SURVEYNAME}\'.<br />\n<br />\nClick the following link to see the individual response:<br />\n{VIEWRESPONSEURL}<br />\n<br />\nClick the following link to edit the individual response:<br />\n{EDITRESPONSEURL}<br />\n<br />\nView statistics by clicking here:<br />\n{STATISTICSURL}', 'Response submission for survey {SURVEYNAME} with results', 'Hello,<br />\n<br />\nA new response was submitted for your survey \'{SURVEYNAME}\'.<br />\n<br />\nClick the following link to see the individual response:<br />\n{VIEWRESPONSEURL}<br />\n<br />\nClick the following link to edit the individual response:<br />\n{EDITRESPONSEURL}<br />\n<br />\nView statistics by clicking here:<br />\n{STATISTICSURL}<br />\n<br />\n<br />\nThe following answers were given by the participant:<br />\n{ANSWERTABLE}', 0, NULL),
(229791, 'de', 'Updateanswer1', NULL, NULL, NULL, NULL, NULL, NULL, NULL, NULL, 'Einladung zu einer Umfrage', 'Hallo {FIRSTNAME},<br />\n<br />\nHiermit mchten wir dich zu einer Umfrage einladen.<br />\n<br />\nDer Titel der Umfrage ist <br />\n\"{SURVEYNAME}\"<br />\n<br />\n\"{SURVEYDESCRIPTION}\"<br />\n<br />\nUm an dieser Umfrage teilzunehmen, klicke bitte auf den unten stehenden Link.<br />\n<br />\nMit freundlichen Gren,<br />\n<br />\n{ADMINNAME} ({ADMINEMAIL})<br />\n<br />\n----------------------------------------------<br />\nKlicke hier um die Umfrage zu starten:<br />\n{SURVEYURL}<br />\n<br />\nWenn Sie an diese Umfrage nicht teilnehmen und keine weiteren Erinnerungen erhalten mchten, klicken Sie bitte auf den folgenden Link:<br />\n{OPTOUTURL}<br />\n<br />\nWenn Sie geblockt sind, jedoch wieder teilnehmen und weitere Einladungen erhalten mchten, klicken Sie bitte auf den folgenden Link:<br />\n{OPTINURL}', 'Erinnerung an die Teilnahme an einer Umfrage', 'Hallo {FIRSTNAME},<br />\n<br />\nVor kurzem haben wir dich zu einer Umfrage eingeladen.<br />\n<br />\nZu unserem Bedauern haben wir bemerkt, dass du die Umfrage noch nicht ausgefllt hast. Wir mchten dir mitteilen, dass die Umfrage noch aktiv ist, und wrden uns freuen, wenn du teilnehmen knntest.<br />\n<br />\nDer Titel der Umfrage ist <br />\n\'{SURVEYNAME}\'<br />\n<br />\n\'{SURVEYDESCRIPTION}\'<br />\n<br />\nUm an dieser Umfrage teilzunehmen, klicke bitte auf den unten stehenden Link.<br />\n<br />\n Mit freundlichen Gren,<br />\n<br />\n{ADMINNAME} ({ADMINEMAIL})<br />\n<br />\n----------------------------------------------<br />\nKlicke hier, um die Umfrage zu starten:<br />\n{SURVEYURL}<br />\n<br />\nWenn Sie an diese Umfrage nicht teilnehmen und keine weiteren Erinnerungen erhalten mchten, klicken Sie bitte auf den folgenden Link:<br />\n{OPTOUTURL}', 'Registrierungsbesttigung fr Teilnahmeumfrage', 'Hallo {FIRSTNAME},<br />\n<br />\ndu (oder jemand, der deine E-Mail-Adresse angegeben hat) hast dich fr eine Umfrage mit dem Titel {SURVEYNAME} angemeldet.<br />\n<br />\nUm an dieser Umfrage teilzunehmen, klicke bitte auf folgenden Link:<br />\n<br />\n{SURVEYURL}<br />\n<br />\nWenn du irgendwelche Fragen zu dieser Umfrage hast oder wenn du dich nicht fr diese Umfrage angemeldet hast und glaubst, dass dir diese E-Mail irrtmlicherweise zugeschickt worden ist, kontaktiere bitte {ADMINNAME} unter {ADMINEMAIL}.', 'Besttigung fr die Teilnahme an unserer Umfrage', 'Hallo {FIRSTNAME},<br />\n<br />\nVielen Dank fr die Teilnahme an der Umfrage mit dem Titel {SURVEYNAME}. Deine Antworten wurden bei uns gespeichert.<br />\n<br />\nWenn du irgendwelche Fragen zu dieser E-Mail hast, kontaktiere bitte {ADMINNAME} unter {ADMINEMAIL}.<br />\n<br />\nMit freundlichen Gren,<br />\n<br />\n{ADMINNAME}', 1, NULL, NULL, 'Antwortabsendung fr Umfrage {SURVEYNAME}', 'Hallo,<br />\n<br />\nEine neue Antwort wurde fr die Umfrage \'{SURVEYNAME}\' abgegeben.<br />\n<br />\nKlicke auf den folgenden Link um den Antwortdatensatz anzusehen:<br />\n{VIEWRESPONSEURL}<br />\n<br />\nKlicke auf den folgenden Link um den Antwortdatensatz zu bearbeiten:<br />\n{EDITRESPONSEURL}<br />\n<br />\nUm die Statistik zu sehen, klicke hier:<br />\n{STATISTICSURL}', 'Antwortabsendung fr Umfrage {SURVEYNAME} mit Ergebnissen', 'Hallo,<br />\n<br />\nEine neue Antwort wurde fr die Umfrage \'{SURVEYNAME}\' abgegeben.<br />\n<br />\nKlicken Sie auf den folgenden Link um den Antwortdatensatz anzusehen:<br />\n{VIEWRESPONSEURL}<br />\n<br />\nKlicken Sie auf den folgenden Link um den Antwortdatensatz zu bearbeiten:<br />\n{EDITRESPONSEURL}<br />\n<br />\nUm die Statistik zu sehen, klicken Sie hier:<br />\n{STATISTICSURL}<br />\n<br />\n<br />\nDie folgenden Antworten wurden vom Teilnehmer gegeben:<br />\n{ANSWERTABLE}', 0, NULL),
(229791, 'en', 'Updateanswer1', '', '', '', '', NULL, '', '', '', 'Invitation to participate in a survey', 'Dear {FIRSTNAME},<br />\n<br />\nYou have been invited to participate in a survey.<br />\n<br />\nThe survey is titled:<br />\n\"{SURVEYNAME}\"<br />\n<br />\n\"{SURVEYDESCRIPTION}\"<br />\n<br />\nTo participate, please click on the link below.<br />\n<br />\nSincerely,<br />\n<br />\n{ADMINNAME} ({ADMINEMAIL})<br />\n<br />\n----------------------------------------------<br />\nClick here to do the survey:<br />\n{SURVEYURL}<br />\n<br />\nIf you do not want to participate in this survey and don\'t want to receive any more invitations please click the following link:<br />\n{OPTOUTURL}<br />\n<br />\nIf you are blacklisted but want to participate in this survey and want to receive invitations please click the following link:<br />\n{OPTINURL}', 'Reminder to participate in a survey', 'Dear {FIRSTNAME},<br />\n<br />\nRecently we invited you to participate in a survey.<br />\n<br />\nWe note that you have not yet completed the survey, and wish to remind you that the survey is still available should you wish to take part.<br />\n<br />\nThe survey is titled:<br />\n\"{SURVEYNAME}\"<br />\n<br />\n\"{SURVEYDESCRIPTION}\"<br />\n<br />\nTo participate, please click on the link below.<br />\n<br />\nSincerely,<br />\n<br />\n{ADMINNAME} ({ADMINEMAIL})<br />\n<br />\n----------------------------------------------<br />\nClick here to do the survey:<br />\n{SURVEYURL}<br />\n<br />\nIf you do not want to participate in this survey and don\'t want to receive any more invitations please click the following link:<br />\n{OPTOUTURL}', 'Survey registration confirmation', 'Dear {FIRSTNAME},<br />\n<br />\nYou, or someone using your email address, have registered to participate in an online survey titled {SURVEYNAME}.<br />\n<br />\nTo complete this survey, click on the following URL:<br />\n<br />\n{SURVEYURL}<br />\n<br />\nIf you have any questions about this survey, or if you did not register to participate and believe this email is in error, please contact {ADMINNAME} at {ADMINEMAIL}.', 'Confirmation of your participation in our survey', 'Dear {FIRSTNAME},<br />\n<br />\nThis email is to confirm that you have completed the survey titled {SURVEYNAME} and your response has been saved. Thank you for participating.<br />\n<br />\nIf you have any further questions about this email, please contact {ADMINNAME} on {ADMINEMAIL}.<br />\n<br />\nSincerely,<br />\n<br />\n{ADMINNAME}', 9, NULL, NULL, 'Response submission for survey {SURVEYNAME}', 'Hello,<br />\n<br />\nA new response was submitted for your survey \'{SURVEYNAME}\'.<br />\n<br />\nClick the following link to see the individual response:<br />\n{VIEWRESPONSEURL}<br />\n<br />\nClick the following link to edit the individual response:<br />\n{EDITRESPONSEURL}<br />\n<br />\nView statistics by clicking here:<br />\n{STATISTICSURL}', 'Response submission for survey {SURVEYNAME} with results', 'Hello,<br />\n<br />\nA new response was submitted for your survey \'{SURVEYNAME}\'.<br />\n<br />\nClick the following link to see the individual response:<br />\n{VIEWRESPONSEURL}<br />\n<br />\nClick the following link to edit the individual response:<br />\n{EDITRESPONSEURL}<br />\n<br />\nView statistics by clicking here:<br />\n{STATISTICSURL}<br />\n<br />\n<br />\nThe following answers were given by the participant:<br />\n{ANSWERTABLE}', 0, NULL),
(145252, 'de', 'Updateanswer2', NULL, NULL, NULL, NULL, NULL, NULL, NULL, NULL, 'Einladung zu einer Umfrage', 'Hallo {FIRSTNAME},<br />\n<br />\nHiermit mchten wir dich zu einer Umfrage einladen.<br />\n<br />\nDer Titel der Umfrage ist <br />\n\"{SURVEYNAME}\"<br />\n<br />\n\"{SURVEYDESCRIPTION}\"<br />\n<br />\nUm an dieser Umfrage teilzunehmen, klicke bitte auf den unten stehenden Link.<br />\n<br />\nMit freundlichen Gren,<br />\n<br />\n{ADMINNAME} ({ADMINEMAIL})<br />\n<br />\n----------------------------------------------<br />\nKlicke hier um die Umfrage zu starten:<br />\n{SURVEYURL}<br />\n<br />\nWenn Sie an diese Umfrage nicht teilnehmen und keine weiteren Erinnerungen erhalten mchten, klicken Sie bitte auf den folgenden Link:<br />\n{OPTOUTURL}<br />\n<br />\nWenn Sie geblockt sind, jedoch wieder teilnehmen und weitere Einladungen erhalten mchten, klicken Sie bitte auf den folgenden Link:<br />\n{OPTINURL}', 'Erinnerung an die Teilnahme an einer Umfrage', 'Hallo {FIRSTNAME},<br />\n<br />\nVor kurzem haben wir dich zu einer Umfrage eingeladen.<br />\n<br />\nZu unserem Bedauern haben wir bemerkt, dass du die Umfrage noch nicht ausgefllt hast. Wir mchten dir mitteilen, dass die Umfrage noch aktiv ist, und wrden uns freuen, wenn du teilnehmen knntest.<br />\n<br />\nDer Titel der Umfrage ist <br />\n\'{SURVEYNAME}\'<br />\n<br />\n\'{SURVEYDESCRIPTION}\'<br />\n<br />\nUm an dieser Umfrage teilzunehmen, klicke bitte auf den unten stehenden Link.<br />\n<br />\n Mit freundlichen Gren,<br />\n<br />\n{ADMINNAME} ({ADMINEMAIL})<br />\n<br />\n----------------------------------------------<br />\nKlicke hier, um die Umfrage zu starten:<br />\n{SURVEYURL}<br />\n<br />\nWenn Sie an diese Umfrage nicht teilnehmen und keine weiteren Erinnerungen erhalten mchten, klicken Sie bitte auf den folgenden Link:<br />\n{OPTOUTURL}', 'Registrierungsbesttigung fr Teilnahmeumfrage', 'Hallo {FIRSTNAME},<br />\n<br />\ndu (oder jemand, der deine E-Mail-Adresse angegeben hat) hast dich fr eine Umfrage mit dem Titel {SURVEYNAME} angemeldet.<br />\n<br />\nUm an dieser Umfrage teilzunehmen, klicke bitte auf folgenden Link:<br />\n<br />\n{SURVEYURL}<br />\n<br />\nWenn du irgendwelche Fragen zu dieser Umfrage hast oder wenn du dich nicht fr diese Umfrage angemeldet hast und glaubst, dass dir diese E-Mail irrtmlicherweise zugeschickt worden ist, kontaktiere bitte {ADMINNAME} unter {ADMINEMAIL}.', 'Besttigung fr die Teilnahme an unserer Umfrage', 'Hallo {FIRSTNAME},<br />\n<br />\nVielen Dank fr die Teilnahme an der Umfrage mit dem Titel {SURVEYNAME}. Deine Antworten wurden bei uns gespeichert.<br />\n<br />\nWenn du irgendwelche Fragen zu dieser E-Mail hast, kontaktiere bitte {ADMINNAME} unter {ADMINEMAIL}.<br />\n<br />\nMit freundlichen Gren,<br />\n<br />\n{ADMINNAME}', 1, NULL, NULL, 'Antwortabsendung fr Umfrage {SURVEYNAME}', 'Hallo,<br />\n<br />\nEine neue Antwort wurde fr die Umfrage \'{SURVEYNAME}\' abgegeben.<br />\n<br />\nKlicke auf den folgenden Link um den Antwortdatensatz anzusehen:<br />\n{VIEWRESPONSEURL}<br />\n<br />\nKlicke auf den folgenden Link um den Antwortdatensatz zu bearbeiten:<br />\n{EDITRESPONSEURL}<br />\n<br />\nUm die Statistik zu sehen, klicke hier:<br />\n{STATISTICSURL}', 'Antwortabsendung fr Umfrage {SURVEYNAME} mit Ergebnissen', 'Hallo,<br />\n<br />\nEine neue Antwort wurde fr die Umfrage \'{SURVEYNAME}\' abgegeben.<br />\n<br />\nKlicken Sie auf den folgenden Link um den Antwortdatensatz anzusehen:<br />\n{VIEWRESPONSEURL}<br />\n<br />\nKlicken Sie auf den folgenden Link um den Antwortdatensatz zu bearbeiten:<br />\n{EDITRESPONSEURL}<br />\n<br />\nUm die Statistik zu sehen, klicken Sie hier:<br />\n{STATISTICSURL}<br />\n<br />\n<br />\nDie folgenden Antworten wurden vom Teilnehmer gegeben:<br />\n{ANSWERTABLE}', 0, NULL),
(145252, 'en', 'Updateanswer2', '', '', '', '', NULL, '', '', '', 'Invitation to participate in a survey', 'Dear {FIRSTNAME},<br />\n<br />\nYou have been invited to participate in a survey.<br />\n<br />\nThe survey is titled:<br />\n\"{SURVEYNAME}\"<br />\n<br />\n\"{SURVEYDESCRIPTION}\"<br />\n<br />\nTo participate, please click on the link below.<br />\n<br />\nSincerely,<br />\n<br />\n{ADMINNAME} ({ADMINEMAIL})<br />\n<br />\n----------------------------------------------<br />\nClick here to do the survey:<br />\n{SURVEYURL}<br />\n<br />\nIf you do not want to participate in this survey and don\'t want to receive any more invitations please click the following link:<br />\n{OPTOUTURL}<br />\n<br />\nIf you are blacklisted but want to participate in this survey and want to receive invitations please click the following link:<br />\n{OPTINURL}', 'Reminder to participate in a survey', 'Dear {FIRSTNAME},<br />\n<br />\nRecently we invited you to participate in a survey.<br />\n<br />\nWe note that you have not yet completed the survey, and wish to remind you that the survey is still available should you wish to take part.<br />\n<br />\nThe survey is titled:<br />\n\"{SURVEYNAME}\"<br />\n<br />\n\"{SURVEYDESCRIPTION}\"<br />\n<br />\nTo participate, please click on the link below.<br />\n<br />\nSincerely,<br />\n<br />\n{ADMINNAME} ({ADMINEMAIL})<br />\n<br />\n----------------------------------------------<br />\nClick here to do the survey:<br />\n{SURVEYURL}<br />\n<br />\nIf you do not want to participate in this survey and don\'t want to receive any more invitations please click the following link:<br />\n{OPTOUTURL}', 'Survey registration confirmation', 'Dear {FIRSTNAME},<br />\n<br />\nYou, or someone using your email address, have registered to participate in an online survey titled {SURVEYNAME}.<br />\n<br />\nTo complete this survey, click on the following URL:<br />\n<br />\n{SURVEYURL}<br />\n<br />\nIf you have any questions about this survey, or if you did not register to participate and believe this email is in error, please contact {ADMINNAME} at {ADMINEMAIL}.', 'Confirmation of your participation in our survey', 'Dear {FIRSTNAME},<br />\n<br />\nThis email is to confirm that you have completed the survey titled {SURVEYNAME} and your response has been saved. Thank you for participating.<br />\n<br />\nIf you have any further questions about this email, please contact {ADMINNAME} on {ADMINEMAIL}.<br />\n<br />\nSincerely,<br />\n<br />\n{ADMINNAME}', 9, NULL, NULL, 'Response submission for survey {SURVEYNAME}', 'Hello,<br />\n<br />\nA new response was submitted for your survey \'{SURVEYNAME}\'.<br />\n<br />\nClick the following link to see the individual response:<br />\n{VIEWRESPONSEURL}<br />\n<br />\nClick the following link to edit the individual response:<br />\n{EDITRESPONSEURL}<br />\n<br />\nView statistics by clicking here:<br />\n{STATISTICSURL}', 'Response submission for survey {SURVEYNAME} with results', 'Hello,<br />\n<br />\nA new response was submitted for your survey \'{SURVEYNAME}\'.<br />\n<br />\nClick the following link to see the individual response:<br />\n{VIEWRESPONSEURL}<br />\n<br />\nClick the following link to edit the individual response:<br />\n{EDITRESPONSEURL}<br />\n<br />\nView statistics by clicking here:<br />\n{STATISTICSURL}<br />\n<br />\n<br />\nThe following answers were given by the participant:<br />\n{ANSWERTABLE}', 0, NULL);

-- --------------------------------------------------------

--
-- Table structure for table `lime_survey_124686`
--

CREATE TABLE `lime_survey_124686` (
  `id` int(11) NOT NULL,
  `token` varchar(36) CHARACTER SET utf8mb4 COLLATE utf8mb4_bin DEFAULT NULL,
  `submitdate` datetime DEFAULT NULL,
  `lastpage` int(11) DEFAULT NULL,
  `startlanguage` varchar(20) COLLATE utf8mb4_unicode_ci NOT NULL,
  `seed` varchar(31) COLLATE utf8mb4_unicode_ci DEFAULT NULL,
  `124686X11X37` text COLLATE utf8mb4_unicode_ci
) ENGINE=MyISAM DEFAULT CHARSET=utf8mb4 COLLATE=utf8mb4_unicode_ci;

--
-- Dumping data for table `lime_survey_124686`
--

INSERT INTO `lime_survey_124686` (`id`, `token`, `submitdate`, `lastpage`, `startlanguage`, `seed`, `124686X11X37`) VALUES
(1, NULL, '1980-01-01 00:00:00', 1, 'en', '1878240731', 'testing 123');

-- --------------------------------------------------------

--
-- Table structure for table `lime_survey_841736`
--

CREATE TABLE `lime_survey_841736` (
  `id` int(11) NOT NULL,
  `token` varchar(36) CHARACTER SET utf8mb4 COLLATE utf8mb4_bin DEFAULT NULL,
  `submitdate` datetime DEFAULT NULL,
  `lastpage` int(11) DEFAULT NULL,
  `startlanguage` varchar(20) COLLATE utf8mb4_unicode_ci NOT NULL,
  `seed` varchar(31) COLLATE utf8mb4_unicode_ci DEFAULT NULL,
  `841736X12X38` text COLLATE utf8mb4_unicode_ci
) ENGINE=MyISAM DEFAULT CHARSET=utf8mb4 COLLATE=utf8mb4_unicode_ci;

--
-- Dumping data for table `lime_survey_841736`
--

INSERT INTO `lime_survey_841736` (`id`, `token`, `submitdate`, `lastpage`, `startlanguage`, `seed`, `841736X12X38`) VALUES
(1, '123', '1980-01-01 00:00:00', 1, 'en', '1985673361', 'testing 234');

-- --------------------------------------------------------

--
-- Table structure for table `lime_survey_841748`
--

CREATE TABLE `lime_survey_841748` (
  `id` int(11) NOT NULL,
  `token` varchar(36) CHARACTER SET utf8mb4 COLLATE utf8mb4_bin DEFAULT NULL,
  `submitdate` datetime DEFAULT NULL,
  `lastpage` int(11) DEFAULT NULL,
  `startlanguage` varchar(20) COLLATE utf8mb4_unicode_ci NOT NULL,
  `seed` varchar(31) COLLATE utf8mb4_unicode_ci DEFAULT NULL,
  `841748X3X3SQ001` varchar(5) COLLATE utf8mb4_unicode_ci DEFAULT NULL,
  `841748X3X3SQ002` varchar(5) COLLATE utf8mb4_unicode_ci DEFAULT NULL,
  `841748X3X3SQ003` varchar(5) COLLATE utf8mb4_unicode_ci DEFAULT NULL,
  `841748X3X3SQ004` varchar(5) COLLATE utf8mb4_unicode_ci DEFAULT NULL,
  `841748X3X3SQ005` varchar(5) COLLATE utf8mb4_unicode_ci DEFAULT NULL,
  `841748X3X3SQ006` varchar(5) COLLATE utf8mb4_unicode_ci DEFAULT NULL,
  `841748X3X3SQ007` varchar(5) COLLATE utf8mb4_unicode_ci DEFAULT NULL,
  `841748X3X3SQ008` varchar(5) COLLATE utf8mb4_unicode_ci DEFAULT NULL,
  `841748X3X3SQ009` varchar(5) COLLATE utf8mb4_unicode_ci DEFAULT NULL,
  `841748X3X3SQ010` varchar(5) COLLATE utf8mb4_unicode_ci DEFAULT NULL,
  `841748X3X3SQ011` varchar(5) COLLATE utf8mb4_unicode_ci DEFAULT NULL,
  `841748X3X26` text COLLATE utf8mb4_unicode_ci,
  `841748X3X27` text COLLATE utf8mb4_unicode_ci,
  `841748X4X28` varchar(5) COLLATE utf8mb4_unicode_ci DEFAULT NULL
) ENGINE=MyISAM DEFAULT CHARSET=utf8mb4 COLLATE=utf8mb4_unicode_ci;

--
-- Dumping data for table `lime_survey_841748`
--

INSERT INTO `lime_survey_841748` (`id`, `token`, `submitdate`, `lastpage`, `startlanguage`, `seed`, `841748X3X3SQ001`, `841748X3X3SQ002`, `841748X3X3SQ003`, `841748X3X3SQ004`, `841748X3X3SQ005`, `841748X3X3SQ006`, `841748X3X3SQ007`, `841748X3X3SQ008`, `841748X3X3SQ009`, `841748X3X3SQ010`, `841748X3X3SQ011`, `841748X3X26`, `841748X3X27`, `841748X4X28`) VALUES
(1, NULL, '1980-01-01 00:00:00', 2, 'en', '1484009392', '', '', '', '', '', '', '', '', 'Y', '', 'Y', 'I am a fan of heavy metal music', NULL, 'AO01'),
(2, NULL, '1980-01-01 00:00:00', 2, 'en', '1838533972', 'Y', 'Y', '', '', '', '', '', '', '', '', '', NULL, 'They brighten my day', 'AO01');

--
-- Dumping data for table `lime_templates`
--

INSERT INTO `lime_templates` (`id`, `name`, `folder`, `title`, `creation_date`, `author`, `author_email`, `author_url`, `copyright`, `license`, `version`, `api_version`, `view_folder`, `files_folder`, `description`, `last_update`, `owner_id`, `extends`) VALUES
(1, 'vanilla', 'vanilla', 'Vanilla Theme', '2023-04-28 12:19:53', 'LimeSurvey GmbH', 'info@limesurvey.org', 'https://www.limesurvey.org/', 'Copyright (C) 2007-2019 The LimeSurvey Project Team\\r\\nAll rights reserved.', 'License: GNU/GPL License v2 or later, see LICENSE.php\\r\\n\\r\\nLimeSurvey is free software. This version may have been modified pursuant to the GNU General Public License, and as distributed it includes or is derivative of works licensed under the GNU General Public License or other free or open source software licenses. See COPYRIGHT.php for copyright notices and details.', '3.0', '3.0', 'views', 'files', '<strong>LimeSurvey Bootstrap Vanilla Survey Theme</strong><br>A clean and simple base that can be used by developers to create their own Bootstrap based theme.', NULL, 1, ''),
(2, 'fruity', 'fruity', 'Fruity Theme', '2023-04-28 12:19:53', 'LimeSurvey GmbH', 'info@limesurvey.org', 'https://www.limesurvey.org/', 'Copyright (C) 2007-2019 The LimeSurvey Project Team\\r\\nAll rights reserved.', 'License: GNU/GPL License v2 or later, see LICENSE.php\\r\\n\\r\\nLimeSurvey is free software. This version may have been modified pursuant to the GNU General Public License, and as distributed it includes or is derivative of works licensed under the GNU General Public License or other free or open source software licenses. See COPYRIGHT.php for copyright notices and details.', '3.0', '3.0', 'views', 'files', '<strong>LimeSurvey Fruity Theme</strong><br>A fruity theme for a flexible use. This theme offers monochromes variations and many options for easy customizations.', NULL, 1, 'vanilla'),
(3, 'bootswatch', 'bootswatch', 'Bootswatch Theme', '2023-04-28 12:19:53', 'LimeSurvey GmbH', 'info@limesurvey.org', 'https://www.limesurvey.org/', 'Copyright (C) 2007-2019 The LimeSurvey Project Team\\r\\nAll rights reserved.', 'License: GNU/GPL License v2 or later, see LICENSE.php\\r\\n\\r\\nLimeSurvey is free software. This version may have been modified pursuant to the GNU General Public License, and as distributed it includes or is derivative of works licensed under the GNU General Public License or other free or open source software licenses. See COPYRIGHT.php for copyright notices and details.', '3.0', '3.0', 'views', 'files', '<strong>LimeSurvey Bootwatch Theme</strong><br>Based on BootsWatch Themes: <a href=\"https://bootswatch.com/3/\"\">Visit BootsWatch page</a> ', NULL, 1, 'vanilla'),
(4, 'fruity_twentythree', 'fruity_twentythree', 'Fruity TwentyThree', '2023-08-15 13:30:37', 'admin', '', '', NULL, NULL, NULL, '3.0', 'views', 'files', '{{gT(\"Our default theme for a fruity and flexible use. This theme offers single color variations\")}}', NULL, 1, '');

--
-- Dumping data for table `lime_template_configuration`
--

INSERT INTO `lime_template_configuration` (`id`, `template_name`, `sid`, `gsid`, `uid`, `files_css`, `files_js`, `files_print_css`, `options`, `cssframework_name`, `cssframework_css`, `cssframework_js`, `packages_to_load`, `packages_ltr`, `packages_rtl`) VALUES
(1, 'vanilla', NULL, NULL, NULL, '{\"add\":[\"css/base.css\",\"css/theme.css\",\"css/noTablesOnMobile.css\",\"css/custom.css\"]}', '{\"add\":[\"scripts/theme.js\",\"scripts/ajaxify.js\",\"scripts/custom.js\"]}', '{\"add\":[\"css/print_theme.css\"]}', '{\"ajaxmode\":\"off\",\"brandlogo\":\"on\",\"container\":\"on\", \"hideprivacyinfo\": \"off\", \"brandlogofile\":\"themes/survey/vanilla/files/logo.png\",\"font\":\"noto\", \"showpopups\":\"1\", \"showclearall\":\"off\", \"questionhelptextposition\":\"top\"}', 'bootstrap', '{}', '', '{\"add\":[\"pjax\",\"font-noto\",\"moment\"]}', NULL, NULL),
(2, 'fruity', NULL, NULL, NULL, '{\"add\":[\"css/ajaxify.css\",\"css/animate.css\",\"css/variations/sea_green.css\",\"css/theme.css\",\"css/custom.css\"]}', '{\"add\":[\"scripts/theme.js\",\"scripts/ajaxify.js\",\"scripts/custom.js\"]}', '{\"add\":[\"css/print_theme.css\"]}', '{\"ajaxmode\":\"off\",\"brandlogo\":\"on\",\"brandlogofile\":\"themes/survey/fruity/files/logo.png\",\"container\":\"on\",\"backgroundimage\":\"off\",\"backgroundimagefile\":null,\"animatebody\":\"off\",\"bodyanimation\":\"fadeInRight\",\"bodyanimationduration\":\"500\",\"animatequestion\":\"off\",\"questionanimation\":\"flipInX\",\"questionanimationduration\":\"500\",\"animatealert\":\"off\",\"alertanimation\":\"shake\",\"alertanimationduration\":\"500\",\"font\":\"noto\",\"bodybackgroundcolor\":\"#ffffff\",\"fontcolor\":\"#444444\",\"questionbackgroundcolor\":\"#ffffff\",\"questionborder\":\"on\",\"questioncontainershadow\":\"on\",\"checkicon\":\"f00c\",\"animatecheckbox\":\"on\",\"checkboxanimation\":\"rubberBand\",\"checkboxanimationduration\":\"500\",\"animateradio\":\"on\",\"radioanimation\":\"zoomIn\",\"radioanimationduration\":\"500\",\"zebrastriping\":\"off\",\"stickymatrixheaders\":\"off\",\"greyoutselected\":\"off\",\"hideprivacyinfo\":\"off\",\"crosshover\":\"off\",\"showpopups\":\"1\", \"showclearall\":\"off\", \"questionhelptextposition\":\"top\",\"notables\":\"1\"}', 'bootstrap', '{}', '', '{\"add\":[\"pjax\",\"font-noto\",\"moment\"]}', NULL, NULL),
(3, 'bootswatch', NULL, NULL, NULL, '{\"add\":[\"css/ajaxify.css\",\"css/theme.css\",\"css/custom.css\"]}', '{\"add\":[\"scripts/theme.js\",\"scripts/ajaxify.js\",\"scripts/custom.js\"]}', '{\"add\":[\"css/print_theme.css\"]}', '{\"ajaxmode\":\"off\",\"brandlogo\":\"on\",\"container\":\"on\",\"brandlogofile\":\"themes/survey/bootswatch/files/logo.png\", \"showpopups\":\"1\", \"showclearall\":\"off\", \"questionhelptextposition\":\"top\"}', 'bootstrap', '{\"replace\":[[\"css/bootstrap.css\",\"css/variations/flatly.min.css\"]]}', '', '{\"add\":[\"pjax\",\"font-noto\",\"moment\"]}', NULL, NULL),
(4, 'fruity', 369829, NULL, NULL, 'inherit', 'inherit', 'inherit', 'inherit', 'inherit', 'inherit', 'inherit', 'inherit', NULL, NULL),
(5, 'fruity', NULL, 1, NULL, 'inherit', 'inherit', 'inherit', 'inherit', 'inherit', 'inherit', 'inherit', 'inherit', NULL, NULL),
(6, 'fruity', 737993, NULL, NULL, 'inherit', 'inherit', 'inherit', 'inherit', 'inherit', 'inherit', 'inherit', 'inherit', NULL, NULL),
(7, 'fruity', 841748, NULL, NULL, 'inherit', 'inherit', 'inherit', 'inherit', 'inherit', 'inherit', 'inherit', 'inherit', NULL, NULL),
(8, 'fruity', 1231, NULL, NULL, 'inherit', 'inherit', 'inherit', 'inherit', 'inherit', 'inherit', 'inherit', 'inherit', NULL, NULL),
(9, 'fruity', 572386, NULL, NULL, 'inherit', 'inherit', 'inherit', 'inherit', 'inherit', 'inherit', 'inherit', 'inherit', NULL, NULL),
(10, 'fruity', 727741, NULL, NULL, 'inherit', 'inherit', 'inherit', 'inherit', 'inherit', 'inherit', 'inherit', 'inherit', NULL, NULL),
(11, 'fruity', 947781, NULL, NULL, 'inherit', 'inherit', 'inherit', 'inherit', 'inherit', 'inherit', 'inherit', 'inherit', NULL, NULL),
(12, 'fruity', 282638, NULL, NULL, 'inherit', 'inherit', 'inherit', 'inherit', 'inherit', 'inherit', 'inherit', 'inherit', NULL, NULL),
(13, 'fruity', 127873, NULL, NULL, 'inherit', 'inherit', 'inherit', 'inherit', 'inherit', 'inherit', 'inherit', 'inherit', NULL, NULL),
(14, 'fruity', 232684, NULL, NULL, 'inherit', 'inherit', 'inherit', 'inherit', 'inherit', 'inherit', 'inherit', 'inherit', NULL, NULL),
(15, 'fruity', 124686, NULL, NULL, 'inherit', 'inherit', 'inherit', 'inherit', 'inherit', 'inherit', 'inherit', 'inherit', NULL, NULL),
(16, 'fruity', 841736, NULL, NULL, 'inherit', 'inherit', 'inherit', 'inherit', 'inherit', 'inherit', 'inherit', 'inherit', NULL, NULL),
(17, 'fruity', 177311, NULL, NULL, 'inherit', 'inherit', 'inherit', 'inherit', 'inherit', 'inherit', 'inherit', 'inherit', NULL, NULL),
(18, 'fruity', 942815, NULL, NULL, 'inherit', 'inherit', 'inherit', 'inherit', 'inherit', 'inherit', 'inherit', 'inherit', NULL, NULL),
(19, 'fruity', 148569, NULL, NULL, 'inherit', 'inherit', 'inherit', 'inherit', 'inherit', 'inherit', 'inherit', 'inherit', NULL, NULL),
(20, 'fruity', NULL, 2, NULL, 'inherit', 'inherit', 'inherit', 'inherit', 'inherit', 'inherit', 'inherit', 'inherit', NULL, NULL),
(21, 'fruity', 691384, NULL, NULL, 'inherit', 'inherit', 'inherit', 'inherit', 'inherit', 'inherit', 'inherit', 'inherit', NULL, NULL),
(22, 'fruity', 571743, NULL, NULL, 'inherit', 'inherit', 'inherit', 'inherit', 'inherit', 'inherit', 'inherit', 'inherit', NULL, NULL),
(23, 'fruity', 219315, NULL, NULL, 'inherit', 'inherit', 'inherit', 'inherit', 'inherit', 'inherit', 'inherit', 'inherit', NULL, NULL),
(24, 'fruity', 582481, NULL, NULL, 'inherit', 'inherit', 'inherit', 'inherit', 'inherit', 'inherit', 'inherit', 'inherit', NULL, NULL),
(25, 'fruity', 278371, NULL, NULL, 'inherit', 'inherit', 'inherit', 'inherit', 'inherit', 'inherit', 'inherit', 'inherit', NULL, NULL),
(26, 'fruity', 422915, NULL, NULL, 'inherit', 'inherit', 'inherit', 'inherit', 'inherit', 'inherit', 'inherit', 'inherit', NULL, NULL),
(27, 'fruity_twentythree', NULL, NULL, NULL, '{\"add\":[\"css\\/variations\\/theme_apple.css\",\"css\\/base.css\",\"css\\/custom.css\"],\"remove\":[\"survey.css\",\"template-core.css\",\"awesome-bootstrap-checkbox\\/awesome-bootstrap-checkbox.css\",\"awesome-bootstrap-checkbox\\/awesome-bootstrap-checkbox-rtl.css\"]}', '{\"add\":[\"scripts\\/theme.js\",\"scripts\\/custom.js\"],\"remove\":[\"survey.js\",\"template-core.js\"]}', '{\"add\":[\"css\\/print_theme.css\"]}', '{\"hideprivacyinfo\":\"off\",\"showpopups\":\"1\",\"showclearall\":\"off\",\"questionhelptextposition\":\"top\",\"fixnumauto\":\"enable\",\"backgroundimage\":\"off\",\"backgroundimagefile\":\".\\/files\\/pattern.png\",\"brandlogo\":\"off\",\"brandlogofile\":\"image::theme::files\\/logo.png\",\"font\":\"ibm-sans\",\"cssframework\":\"Apple\"}', '', '{}', '[]', '{\"add\":[\"pjax\",\"moment\",\"font-ibm-sans\",\"font-ibm-serif\"]}', NULL, NULL),
(28, 'fruity_twentythree', 422915, NULL, NULL, 'inherit', 'inherit', 'inherit', 'inherit', 'inherit', 'inherit', 'inherit', 'inherit', NULL, NULL),
(29, 'fruity_twentythree', 278371, NULL, NULL, 'inherit', 'inherit', 'inherit', 'inherit', 'inherit', 'inherit', 'inherit', 'inherit', NULL, NULL),
(30, 'fruity_twentythree', 841736, NULL, NULL, 'inherit', 'inherit', 'inherit', 'inherit', 'inherit', 'inherit', 'inherit', 'inherit', NULL, NULL),
(31, 'fruity_twentythree', 369829, NULL, NULL, 'inherit', 'inherit', 'inherit', 'inherit', 'inherit', 'inherit', 'inherit', 'inherit', NULL, NULL),
(32, 'fruity_twentythree', 951785, NULL, NULL, 'inherit', 'inherit', 'inherit', 'inherit', 'inherit', 'inherit', 'inherit', 'inherit', NULL, NULL),
(33, 'fruity_twentythree', NULL, 1, NULL, 'inherit', 'inherit', 'inherit', 'inherit', 'inherit', 'inherit', 'inherit', 'inherit', NULL, NULL),
(34, 'fruity_twentythree', 348447, NULL, NULL, 'inherit', 'inherit', 'inherit', 'inherit', 'inherit', 'inherit', 'inherit', 'inherit', NULL, NULL),
(35, 'fruity_twentythree', 857644, NULL, NULL, 'inherit', 'inherit', 'inherit', 'inherit', 'inherit', 'inherit', 'inherit', 'inherit', NULL, NULL),
(36, 'fruity_twentythree', 954472, NULL, NULL, 'inherit', 'inherit', 'inherit', 'inherit', 'inherit', 'inherit', 'inherit', 'inherit', NULL, NULL),
(37, 'fruity_twentythree', 241194, NULL, NULL, 'inherit', 'inherit', 'inherit', 'inherit', 'inherit', 'inherit', 'inherit', 'inherit', NULL, NULL),
(38, 'fruity_twentythree', 158868, NULL, NULL, 'inherit', 'inherit', 'inherit', 'inherit', 'inherit', 'inherit', 'inherit', 'inherit', NULL, NULL),
(39, 'fruity_twentythree', 229791, NULL, NULL, 'inherit', 'inherit', 'inherit', 'inherit', 'inherit', 'inherit', 'inherit', 'inherit', NULL, NULL),
(40, 'fruity_twentythree', 145252, NULL, NULL, 'inherit', 'inherit', 'inherit', 'inherit', 'inherit', 'inherit', 'inherit', 'inherit', NULL, NULL);

-- --------------------------------------------------------

--
-- Table structure for table `lime_tokens_232684`
--

CREATE TABLE `lime_tokens_232684` (
  `tid` int(11) NOT NULL,
  `participant_id` varchar(50) COLLATE utf8mb4_unicode_ci DEFAULT NULL,
  `firstname` text COLLATE utf8mb4_unicode_ci,
  `lastname` text COLLATE utf8mb4_unicode_ci,
  `email` text COLLATE utf8mb4_unicode_ci,
  `emailstatus` text COLLATE utf8mb4_unicode_ci,
  `token` varchar(36) CHARACTER SET utf8mb4 COLLATE utf8mb4_bin DEFAULT NULL,
  `language` varchar(25) COLLATE utf8mb4_unicode_ci DEFAULT NULL,
  `blacklisted` varchar(17) COLLATE utf8mb4_unicode_ci DEFAULT NULL,
  `sent` varchar(17) COLLATE utf8mb4_unicode_ci DEFAULT 'N',
  `remindersent` varchar(17) COLLATE utf8mb4_unicode_ci DEFAULT 'N',
  `remindercount` int(11) DEFAULT '0',
  `completed` varchar(17) COLLATE utf8mb4_unicode_ci DEFAULT 'N',
  `usesleft` int(11) DEFAULT '1',
  `validfrom` datetime DEFAULT NULL,
  `validuntil` datetime DEFAULT NULL,
  `mpid` int(11) DEFAULT NULL
) ENGINE=MyISAM DEFAULT CHARSET=utf8mb4 COLLATE=utf8mb4_unicode_ci;

--
-- Dumping data for table `lime_tokens_232684`
--

INSERT INTO `lime_tokens_232684` (`tid`, `participant_id`, `firstname`, `lastname`, `email`, `emailstatus`, `token`, `language`, `blacklisted`, `sent`, `remindersent`, `remindercount`, `completed`, `usesleft`, `validfrom`, `validuntil`, `mpid`) VALUES
(1, NULL, 'John', 'Doe', 'some.guy@survey.it', 'OK', '123', 'en', NULL, 'N', 'N', 0, 'N', 1, NULL, NULL, NULL);

-- --------------------------------------------------------

--
-- Table structure for table `lime_tokens_841736`
--

CREATE TABLE `lime_tokens_841736` (
  `tid` int(11) NOT NULL,
  `participant_id` varchar(50) COLLATE utf8mb4_unicode_ci DEFAULT NULL,
  `firstname` text COLLATE utf8mb4_unicode_ci,
  `lastname` text COLLATE utf8mb4_unicode_ci,
  `email` text COLLATE utf8mb4_unicode_ci,
  `emailstatus` text COLLATE utf8mb4_unicode_ci,
  `token` varchar(36) CHARACTER SET utf8mb4 COLLATE utf8mb4_bin DEFAULT NULL,
  `language` varchar(25) COLLATE utf8mb4_unicode_ci DEFAULT NULL,
  `blacklisted` varchar(17) COLLATE utf8mb4_unicode_ci DEFAULT NULL,
  `sent` varchar(17) COLLATE utf8mb4_unicode_ci DEFAULT 'N',
  `remindersent` varchar(17) COLLATE utf8mb4_unicode_ci DEFAULT 'N',
  `remindercount` int(11) DEFAULT '0',
  `completed` varchar(17) COLLATE utf8mb4_unicode_ci DEFAULT 'N',
  `usesleft` int(11) DEFAULT '1',
  `validfrom` datetime DEFAULT NULL,
  `validuntil` datetime DEFAULT NULL,
  `mpid` int(11) DEFAULT NULL
) ENGINE=MyISAM DEFAULT CHARSET=utf8mb4 COLLATE=utf8mb4_unicode_ci;

--
-- Dumping data for table `lime_tokens_841736`
--

INSERT INTO `lime_tokens_841736` (`tid`, `participant_id`, `firstname`, `lastname`, `email`, `emailstatus`, `token`, `language`, `blacklisted`, `sent`, `remindersent`, `remindercount`, `completed`, `usesleft`, `validfrom`, `validuntil`, `mpid`) VALUES
(1, NULL, 'John', 'Doe', 'some.guy@survey.it', 'OK', '123', 'en', NULL, 'N', 'N', 0, '2023-06-19 15:01', 0, NULL, NULL, NULL);

--
-- Dumping data for table `lime_users`
--

INSERT INTO `lime_users` (`uid`, `users_name`, `password`, `full_name`, `parent_id`, `lang`, `email`, `htmleditormode`, `templateeditormode`, `questionselectormode`, `one_time_pw`, `dateformat`, `last_login`, `created`, `modified`, `validation_key`, `validation_key_expiration`, `last_forgot_email_password`, `expires`) VALUES
(1, 'admin', '$2y$10$uVIJOkQzG/4aHVqpocP68.dadZKkx1Sw9XTpG72vD2LfWc9alkbLK', 'Administrator', 0, 'en', 'your-email@example.net', 'default', 'default', 'default', NULL, 1, '2023-11-21 14:12:27', '2023-04-28 12:19:57', '2023-11-21 14:12:27', NULL, NULL, NULL, NULL),
(2, 'johnw', '$2y$10$C0wx7q9NPbcqYz./wdDiEuTkGMo2BUQQyz3L7xfSjSI72cdtwVrpy', 'John Wick', 1, 'auto', 'john.wick@test.it', 'default', 'default', 'default', NULL, 1, NULL, '2023-05-09 15:12:05', '2023-05-09 15:12:05', NULL, NULL, NULL, NULL),
(3, 'ben', '$2y$10$j9FCl8DEStxjLMmkdAe5A.gha12eBNuN.oQ7ozGOb8iNZgA.MrOQ.', 'Ben Alister', 1, 'auto', 'ben@test.ing', 'default', 'default', 'default', NULL, 1, NULL, '2023-07-12 12:56:42', '2023-07-12 12:57:02', NULL, NULL, NULL, NULL),
(4, 'adam', '$2y$10$rIhJfaH6zOwjbDxb/FOu4OxnJGlDl4JavkurBr.9aC7Pl4PP8aX8.', 'Adam Sandler', 1, 'auto', 'adam@test.ing', 'default', 'default', 'default', NULL, 1, NULL, '2023-07-12 12:57:47', '2023-07-12 12:57:58', NULL, NULL, NULL, NULL);

--
-- Dumping data for table `lime_user_groups`
--

INSERT INTO `lime_user_groups` (`ugid`, `name`, `description`, `owner_id`) VALUES
(1, 'Survey admins', 'survey and survey groups permissions', 1);

--
-- Dumping data for table `lime_user_in_groups`
--

INSERT INTO `lime_user_in_groups` (`ugid`, `uid`) VALUES
(1, 3);

--
-- Indexes for dumped tables
--

--
-- Indexes for table `lime_old_survey_177311_20230620121931`
--
ALTER TABLE `lime_old_survey_177311_20230620121931`
  ADD PRIMARY KEY (`id`),
  ADD KEY `idx_survey_token_177311_30387` (`token`);

--
-- Indexes for table `lime_old_tokens_177311_20230620121931`
--
ALTER TABLE `lime_old_tokens_177311_20230620121931`
  ADD PRIMARY KEY (`tid`),
  ADD KEY `idx_token_token_177311_7507` (`token`),
  ADD KEY `idx_email` (`email`(30));

--
-- Indexes for table `lime_survey_124686`
--
ALTER TABLE `lime_survey_124686`
  ADD PRIMARY KEY (`id`),
  ADD KEY `idx_survey_token_124686_7779` (`token`);

--
-- Indexes for table `lime_survey_841736`
--
ALTER TABLE `lime_survey_841736`
  ADD PRIMARY KEY (`id`),
  ADD KEY `idx_survey_token_841736_25225` (`token`);

--
-- Indexes for table `lime_tokens_232684`
--
ALTER TABLE `lime_tokens_232684`
  ADD PRIMARY KEY (`tid`),
  ADD KEY `idx_token_token_232684_6552` (`token`),
  ADD KEY `idx_email` (`email`(30));

--
-- Indexes for table `lime_tokens_841736`
--
ALTER TABLE `lime_tokens_841736`
  ADD PRIMARY KEY (`tid`),
  ADD KEY `idx_token_token_841736_4142` (`token`),
  ADD KEY `idx_email` (`email`(30));

--
-- AUTO_INCREMENT for dumped tables
--

--
-- AUTO_INCREMENT for table `lime_old_survey_177311_20230620121931`
--
ALTER TABLE `lime_old_survey_177311_20230620121931`
  MODIFY `id` int(11) NOT NULL AUTO_INCREMENT, AUTO_INCREMENT=2;

--
-- AUTO_INCREMENT for table `lime_old_tokens_177311_20230620121931`
--
ALTER TABLE `lime_old_tokens_177311_20230620121931`
  MODIFY `tid` int(11) NOT NULL AUTO_INCREMENT, AUTO_INCREMENT=2;

--
-- AUTO_INCREMENT for table `lime_survey_124686`
--
ALTER TABLE `lime_survey_124686`
  MODIFY `id` int(11) NOT NULL AUTO_INCREMENT, AUTO_INCREMENT=2;

--
-- AUTO_INCREMENT for table `lime_survey_841736`
--
ALTER TABLE `lime_survey_841736`
  MODIFY `id` int(11) NOT NULL AUTO_INCREMENT, AUTO_INCREMENT=2;

--
-- AUTO_INCREMENT for table `lime_tokens_232684`
--
ALTER TABLE `lime_tokens_232684`
  MODIFY `tid` int(11) NOT NULL AUTO_INCREMENT, AUTO_INCREMENT=2;

--
-- AUTO_INCREMENT for table `lime_tokens_841736`
--
ALTER TABLE `lime_tokens_841736`
  MODIFY `tid` int(11) NOT NULL AUTO_INCREMENT, AUTO_INCREMENT=2;
COMMIT;

/*!40101 SET CHARACTER_SET_CLIENT=@OLD_CHARACTER_SET_CLIENT */;
/*!40101 SET CHARACTER_SET_RESULTS=@OLD_CHARACTER_SET_RESULTS */;
/*!40101 SET COLLATION_CONNECTION=@OLD_COLLATION_CONNECTION */;
